1,제주특별자치도 서귀포시 성산읍 해맞이해안로 2526,제주도에서 으뜸가는 식당입니다! 안 오면 후회하실거에요!,목화식당휴게소,POINT (126.9017207 33.4818042),4.5
2,제주특별자치도 서귀포시 성산읍 시흥상동로 87,제주도에서 으뜸가는 식당입니다! 안 오면 후회하실거에요!,묘한상점묘한카페,POINT (126.8962962 33.4765014),4.5
3,제주특별자치도 서귀포시 성산읍 한도로 82,제주도에서 으뜸가는 식당입니다! 안 오면 후회하실거에요!,블랙업커피제주성산점,POINT (126.9078095 33.4752658),4.5
4,제주특별자치도 서귀포시 성산읍 해맞이해안로 2660,제주도에서 으뜸가는 식당입니다! 안 오면 후회하실거에요!,씨유 봄그리고가을리조트점,POINT (126.9110984 33.474087),4.5
5,제주특별자치도 서귀포시 성산읍 해맞이해안로 2670,제주도에서 으뜸가는 식당입니다! 안 오면 후회하실거에요!,카페네스카페 성산리조트점,POINT (126.911217 33.4735544),4.5
6,제주특별자치도 서귀포시 성산읍 성산등용로 112-7,제주도에서 으뜸가는 식당입니다! 안 오면 후회하실거에요!,쉼터만나스넥,POINT (126.9331983 33.4721117),4.5
7,제주특별자치도 서귀포시 성산읍 성산등용로 130-19,제주도에서 으뜸가는 식당입니다! 안 오면 후회하실거에요!,제주몬순커피,POINT (126.9331983 33.4721117),4.5
8,제주특별자치도 서귀포시 성산읍 성산등용로 130-21 1층,제주도에서 으뜸가는 식당입니다! 안 오면 후회하실거에요!,텀브커피 여객터미널점,POINT (126.9331983 33.4721117),4.5
9,제주특별자치도 서귀포시 성산읍 성산등용로 130-21 1층,제주도에서 으뜸가는 식당입니다! 안 오면 후회하실거에요!,멧돌쥬스,POINT (126.9331983 33.4721117),4.5
10,제주특별자치도 서귀포시 성산읍 해맞이해안로 2732,제주도에서 으뜸가는 식당입니다! 안 오면 후회하실거에요!,한라전복,POINT (126.9170084 33.4709507),4.5
11,제주특별자치도 서귀포시 성산읍 한도로 113,제주도에서 으뜸가는 식당입니다! 안 오면 후회하실거에요!,씨유제주성산올레점,POINT (126.9202823 33.4690335),4.5
12,제주특별자치도 서귀포시 성산읍 해맞이해안로 2768 나동,제주도에서 으뜸가는 식당입니다! 안 오면 후회하실거에요!,담다,POINT (126.9199121 33.4689283),4.5
13,제주특별자치도 서귀포시 성산읍 한도로 200,제주도에서 으뜸가는 식당입니다! 안 오면 후회하실거에요!,카페코지,POINT (126.9239401 33.467855),4.5
14,제주특별자치도 서귀포시 성산읍 한도로 129 1층,제주도에서 으뜸가는 식당입니다! 안 오면 후회하실거에요!,GS25성산오조점,POINT (126.9239401 33.467855),4.5
15,제주특별자치도 서귀포시 성산읍 성산등용로 42 1층,제주도에서 으뜸가는 식당입니다! 안 오면 후회하실거에요!,브리즈베이호텔,POINT (126.930766 33.466534),4.5
16,제주특별자치도 서귀포시 성산읍 한도로 244,제주도에서 으뜸가는 식당입니다! 안 오면 후회하실거에요!,일출봉호텔커피숍,POINT (126.9335405 33.4661342),4.5
17,제주특별자치도 서귀포시 성산읍 한도로 257 1층,제주도에서 으뜸가는 식당입니다! 안 오면 후회하실거에요!,씨유제주성산일출점,POINT (126.9349606 33.4660418),4.5
18,제주특별자치도 서귀포시 성산읍 한도로 257 1층,제주도에서 으뜸가는 식당입니다! 안 오면 후회하실거에요!,영다방,POINT (126.9336741 33.4645385),4.5
19,제주특별자치도 서귀포시 성산읍 성산중앙로 43,제주도에서 으뜸가는 식당입니다! 안 오면 후회하실거에요!,이디야커피성산점,POINT (126.933465 33.4636892),4.5
20,제주특별자치도 서귀포시 성산읍 성산중앙로 44,제주도에서 으뜸가는 식당입니다! 안 오면 후회하실거에요!,씨유제주성산중앙로점,POINT (126.933817 33.4635831),4.5
21,제주특별자치도 서귀포시 성산읍 성산중앙로 43-1,제주도에서 으뜸가는 식당입니다! 안 오면 후회하실거에요!,GS25성산중앙점,POINT (126.9335051 33.463575),4.5
22,제주특별자치도 서귀포시 성산읍 일출로 284-7,제주도에서 으뜸가는 식당입니다! 안 오면 후회하실거에요!,꽃담가마솥팥집,POINT (126.9360023 33.4630122),4.5
23,제주특별자치도 서귀포시 성산읍 일출로 284-1 1 2층,제주도에서 으뜸가는 식당입니다! 안 오면 후회하실거에요!,한국맥도날드(유)제주성산점,POINT (126.9353566 33.4629517),4.5
24,제주특별자치도 서귀포시 성산읍 일출로 284-5,제주도에서 으뜸가는 식당입니다! 안 오면 후회하실거에요!,스타벅스커피성산일출봉점,POINT (126.9355028 33.46287),4.5
25,제주특별자치도 서귀포시 성산읍 일출로 284-11,제주도에서 으뜸가는 식당입니다! 안 오면 후회하실거에요!,던킨도너츠성산일출봉점,POINT (126.9359748 33.4627163),4.5
26,제주특별자치도 서귀포시 성산읍 일출로 284-4 2층,제주도에서 으뜸가는 식당입니다! 안 오면 후회하실거에요!,이삭토스트앤커피성산점,POINT (126.9351852 33.4627122),4.5
27,제주특별자치도 서귀포시 성산읍 한도로 257 1층,제주도에서 으뜸가는 식당입니다! 안 오면 후회하실거에요!,맛있는여행,POINT (126.9357555 33.4626991),4.5
28,제주특별자치도 서귀포시 성산읍 일출로 280,제주도에서 으뜸가는 식당입니다! 안 오면 후회하실거에요!,커피잇수다,POINT (126.9348627 33.4625183),4.5
29,제주특별자치도 서귀포시 성산읍 일출로 277,제주도에서 으뜸가는 식당입니다! 안 오면 후회하실거에요!,림벅와플성산일출봉점 골드바바,POINT (126.9344763 33.4624482),4.5
30,제주특별자치도 서귀포시 성산읍 성산등용로17번길 35 1층,제주도에서 으뜸가는 식당입니다! 안 오면 후회하실거에요!,성산썬라이즈호텔카페,POINT (126.9309558 33.4623995),4.5
31,제주특별자치도 서귀포시 성산읍 일출로 280-4,제주도에서 으뜸가는 식당입니다! 안 오면 후회하실거에요!,빽다방제주성산일출봉점,POINT (126.9348886 33.4623382),4.5
32,제주특별자치도 서귀포시 성산읍 일출로 284-12,제주도에서 으뜸가는 식당입니다! 안 오면 후회하실거에요!,썬플라워,POINT (126.9364271 33.4621467),4.5
33,제주특별자치도 서귀포시 성산읍 일출로 284-12 2호,제주도에서 으뜸가는 식당입니다! 안 오면 후회하실거에요!,세븐일레븐성산일출봉점,POINT (126.9364271 33.4621467),4.5
34,제주특별자치도 서귀포시 성산읍 일출로 270-8 1층,제주도에서 으뜸가는 식당입니다! 안 오면 후회하실거에요!,지에스25성산해뜰점,POINT (126.9342266 33.4618465),4.5
35,제주특별자치도 서귀포시 성산읍 일출로 267,제주도에서 으뜸가는 식당입니다! 안 오면 후회하실거에요!,까페더모해,POINT (126.9338917 33.4616976),4.5
36,제주특별자치도 서귀포시 성산읍 오조로 140,제주도에서 으뜸가는 식당입니다! 안 오면 후회하실거에요!,카페바오름561,POINT (126.9139939 33.4610534),4.5
37,제주특별자치도 서귀포시 성산읍 오조로 129,제주도에서 으뜸가는 식당입니다! 안 오면 후회하실거에요!,빈필드,POINT (126.9139939 33.4610534),4.5
38,제주특별자치도 서귀포시 성산읍 고성동서로 71,제주도에서 으뜸가는 식당입니다! 안 오면 후회하실거에요!,피자클럽성산동남점,POINT (126.914834 33.4508497),4.5
39,제주특별자치도 서귀포시 성산읍 고성동서로 66,제주도에서 으뜸가는 식당입니다! 안 오면 후회하실거에요!,미소다방,POINT (126.9144273 33.4505144),4.5
40,제주특별자치도 서귀포시 성산읍 고성동서로 66,제주도에서 으뜸가는 식당입니다! 안 오면 후회하실거에요!,세븐일레븐 고성점,POINT (126.9144273 33.4505144),4.5
41,제주특별자치도 서귀포시 성산읍 고성오조로 73 1층,제주도에서 으뜸가는 식당입니다! 안 오면 후회하실거에요!,지에스25성산고성점,POINT (126.9145044 33.450195),4.5
42,제주특별자치도 서귀포시 성산읍 고성동서로56번길 18,제주도에서 으뜸가는 식당입니다! 안 오면 후회하실거에요!,먹보왕만두동남점,POINT (126.9147281 33.449765),4.5
43,제주특별자치도 서귀포시 성산읍 고성동서로56번길 18,제주도에서 으뜸가는 식당입니다! 안 오면 후회하실거에요!,커피후,POINT (126.9147281 33.449765),4.5
44,제주특별자치도 서귀포시 성산읍 일출로 80 1 2층,제주도에서 으뜸가는 식당입니다! 안 오면 후회하실거에요!,스타벅스제주성산DT점,POINT (126.9206376 33.4497382),4.5
45,제주특별자치도 서귀포시 성산읍 고성중앙로 84,제주도에서 으뜸가는 식당입니다! 안 오면 후회하실거에요!,보배다방,POINT (126.9117086 33.4497079),4.5
46,제주특별자치도 서귀포시 성산읍 고성오조로 65 1층,제주도에서 으뜸가는 식당입니다! 안 오면 후회하실거에요!,성산커피,POINT (126.9145295 33.4495604),4.5
47,제주특별자치도 서귀포시 성산읍 동류암로 48,제주도에서 으뜸가는 식당입니다! 안 오면 후회하실거에요!,씨유제주동남점,POINT (126.9155989 33.4491091),4.5
48,제주특별자치도 서귀포시 성산읍 동류암로 51-1,제주도에서 으뜸가는 식당입니다! 안 오면 후회하실거에요!,약속다방,POINT (126.9151914 33.4490938),4.5
49,제주특별자치도 서귀포시 성산읍 동류암로 51-1,제주도에서 으뜸가는 식당입니다! 안 오면 후회하실거에요!,아이야,POINT (126.9151914 33.4490938),4.5
50,제주특별자치도 서귀포시 성산읍 고성오조로 60,제주도에서 으뜸가는 식당입니다! 안 오면 후회하실거에요!,써니,POINT (126.9152358 33.4489824),4.5
51,제주특별자치도 서귀포시 성산읍 동류암로 20 C동 1층,제주도에서 으뜸가는 식당입니다! 안 오면 후회하실거에요!,핏제리아모꼬지,POINT (126.9175588 33.448917),4.5
52,제주특별자치도 서귀포시 성산읍 고성오조로 51,제주도에서 으뜸가는 식당입니다! 안 오면 후회하실거에요!,승혜분식,POINT (126.9148725 33.4482777),4.5
53,제주특별자치도 서귀포시 성산읍 고성오조로 50,제주도에서 으뜸가는 식당입니다! 안 오면 후회하실거에요!,제주흑돈만두,POINT (126.9152794 33.4480793),4.5
54,제주특별자치도 서귀포시 성산읍 일출로 18,제주도에서 으뜸가는 식당입니다! 안 오면 후회하실거에요!,공주다방,POINT (126.914758 33.4472813),4.5
55,제주특별자치도 서귀포시 성산읍 일출로 14-1,제주도에서 으뜸가는 식당입니다! 안 오면 후회하실거에요!,천사,POINT (126.9144185 33.4472495),4.5
56,제주특별자치도 서귀포시 성산읍 서성일로1136번길 8,제주도에서 으뜸가는 식당입니다! 안 오면 후회하실거에요!,일출봉아로니아,POINT (126.9000707 33.4445399),4.5
57,제주특별자치도 서귀포시 성산읍 난고로42번길 24,제주도에서 으뜸가는 식당입니다! 안 오면 후회하실거에요!,컬러인제주,POINT (126.906148 33.4408725),4.5
58,제주특별자치도 서귀포시 성산읍 난고로42번길 110 101동 1층,제주도에서 으뜸가는 식당입니다! 안 오면 후회하실거에요!,에듀카페더쌤,POINT (126.906148 33.4408725),4.5
59,제주특별자치도 서귀포시 성산읍 서성일로 1029,제주도에서 으뜸가는 식당입니다! 안 오면 후회하실거에요!,지에스25수산삼거리점,POINT (126.8822331 33.4404718),4.5
60,제주특별자치도 서귀포시 성산읍 섭지코지로 48,제주도에서 으뜸가는 식당입니다! 안 오면 후회하실거에요!,커피방듸,POINT (126.9212263 33.4380663),4.5
61,제주특별자치도 서귀포시 성산읍 섭지코지로26번길 6,제주도에서 으뜸가는 식당입니다! 안 오면 후회하실거에요!,지에스25성산신양점,POINT (126.9203422 33.4375501),4.5
62,제주특별자치도 서귀포시 성산읍 신양로 103,제주도에서 으뜸가는 식당입니다! 안 오면 후회하실거에요!,커피먹는고냉이,POINT (126.9208724 33.4367676),4.5
63,제주특별자치도 서귀포시 성산읍 신양로 114,제주도에서 으뜸가는 식당입니다! 안 오면 후회하실거에요!,세븐일레븐 신양점,POINT (126.9217313 33.4364523),4.5
64,제주특별자치도 서귀포시 성산읍 신양로 114,제주도에서 으뜸가는 식당입니다! 안 오면 후회하실거에요!,씨유제주섭지코지점,POINT (126.9217313 33.4364523),4.5
65,제주특별자치도 서귀포시 성산읍 신양로 102,제주도에서 으뜸가는 식당입니다! 안 오면 후회하실거에요!,망고레이필리핀디저트카페,POINT (126.9206412 33.4364202),4.5
66,제주특별자치도 서귀포시 성산읍 신양로 99,제주도에서 으뜸가는 식당입니다! 안 오면 후회하실거에요!,성산읍 코지리,POINT (126.9162583 33.4359606),4.5
67,제주특별자치도 서귀포시 성산읍 환해장성로 941,제주도에서 으뜸가는 식당입니다! 안 오면 후회하실거에요!,카페배알로,POINT (126.9163156 33.4349796),4.5
68,제주특별자치도 서귀포시 성산읍 섭지코지로 93-15,제주도에서 으뜸가는 식당입니다! 안 오면 후회하실거에요!,빈스앤베리즈제주1호점,POINT (126.9263432 33.4345727),4.5
69,제주특별자치도 서귀포시 성산읍 섭지코지로 93-15,제주도에서 으뜸가는 식당입니다! 안 오면 후회하실거에요!,빈스앤베리즈제주2호점,POINT (126.9263432 33.4345727),4.5
70,제주특별자치도 서귀포시 성산읍 섭지코지로 93-15,제주도에서 으뜸가는 식당입니다! 안 오면 후회하실거에요!,빈스앤베리즈제주3호점,POINT (126.9263432 33.4345727),4.5
71,제주특별자치도 서귀포시 성산읍 섭지코지로 107,제주도에서 으뜸가는 식당입니다! 안 오면 후회하실거에요!,던킨도너츠휘닉스점,POINT (126.9277688 33.4305782),4.5
72,제주특별자치도 서귀포시 성산읍 한도로 257 1층,제주도에서 으뜸가는 식당입니다! 안 오면 후회하실거에요!,(주)지포뮤지엄,POINT (126.9342326 33.429258),4.5
73,제주특별자치도 서귀포시 성산읍 서성일로 474,제주도에서 으뜸가는 식당입니다! 안 오면 후회하실거에요!,플로리안,POINT (126.8647243 33.4268965),4.5
74,제주특별자치도 서귀포시 성산읍 서성일로 936,제주도에서 으뜸가는 식당입니다! 안 오면 후회하실거에요!,벵삭이,POINT (126.8647243 33.4268965),4.5
75,제주특별자치도 서귀포시 성산읍 서성일로 872-18,제주도에서 으뜸가는 식당입니다! 안 오면 후회하실거에요!,GS25성산수산점,POINT (126.8647243 33.4268965),4.5
76,제주특별자치도 서귀포시 성산읍 서성일로 511 2층,제주도에서 으뜸가는 식당입니다! 안 오면 후회하실거에요!,브라더커피,POINT (126.8647243 33.4268965),4.5
77,제주특별자치도 서귀포시 성산읍 서성일로 335,제주도에서 으뜸가는 식당입니다! 안 오면 후회하실거에요!,풀가개비,POINT (126.8647243 33.4268965),4.5
78,제주특별자치도 서귀포시 성산읍 서성일로 314,제주도에서 으뜸가는 식당입니다! 안 오면 후회하실거에요!,트레이통닭,POINT (126.8647243 33.4268965),4.5
79,제주특별자치도 서귀포시 성산읍 서성일로 689-21 1층,제주도에서 으뜸가는 식당입니다! 안 오면 후회하실거에요!,제주해양동물박물관마린카페,POINT (126.8647243 33.4268965),4.5
80,제주특별자치도 서귀포시 성산읍 섭지코지로 261,제주도에서 으뜸가는 식당입니다! 안 오면 후회하실거에요!,올인카페테리아,POINT (126.931741 33.4257554),4.5
81,제주특별자치도 서귀포시 성산읍 일주동로 4227,제주도에서 으뜸가는 식당입니다! 안 오면 후회하실거에요!,호떡분식,POINT (126.889907 33.416346),4.5
82,제주특별자치도 서귀포시 성산읍 일주동로 5115,제주도에서 으뜸가는 식당입니다! 안 오면 후회하실거에요!,씨유성산신산점,POINT (126.889907 33.416346),4.5
83,제주특별자치도 서귀포시 성산읍 일주동로 4258,제주도에서 으뜸가는 식당입니다! 안 오면 후회하실거에요!,아쿠아비치커피숍,POINT (126.889907 33.416346),4.5
84,제주특별자치도 서귀포시 성산읍 일주동로 5428-40 1층,제주도에서 으뜸가는 식당입니다! 안 오면 후회하실거에요!,185펜션,POINT (126.889907 33.416346),4.5
85,제주특별자치도 서귀포시 성산읍 혼인지로37번길 23-13 1층,제주도에서 으뜸가는 식당입니다! 안 오면 후회하실거에요!,파랑몽생이,POINT (126.8960019 33.414559),4.5
86,제주특별자치도 서귀포시 성산읍 일주동로 4731,제주도에서 으뜸가는 식당입니다! 안 오면 후회하실거에요!,제주별,POINT (126.8999778 33.4143696),4.5
87,제주특별자치도 서귀포시 성산읍 일주동로 4282 2층,제주도에서 으뜸가는 식당입니다! 안 오면 후회하실거에요!,행복모음센터,POINT (126.8999778 33.4143696),4.5
88,제주특별자치도 서귀포시 성산읍 일주동로 5251,제주도에서 으뜸가는 식당입니다! 안 오면 후회하실거에요!,지에스25성산삼달점,POINT (126.8999778 33.4143696),4.5
89,제주특별자치도 서귀포시 성산읍 중산간동로 4217,제주도에서 으뜸가는 식당입니다! 안 오면 후회하실거에요!,뉴자연으로,POINT (126.8416603 33.4119114),4.5
90,제주특별자치도 서귀포시 성산읍 온평관전로 94,제주도에서 으뜸가는 식당입니다! 안 오면 후회하실거에요!,오메오메,POINT (126.9013288 33.4118359),4.5
91,제주특별자치도 서귀포시 표선면 번영로 2454 1층,제주도에서 으뜸가는 식당입니다! 안 오면 후회하실거에요!,목장카페드르쿰다,POINT (126.7706544 33.4092101),4.5
92,제주특별자치도 서귀포시 성산읍 온평애향로 21,제주도에서 으뜸가는 식당입니다! 안 오면 후회하실거에요!,수하리(SUHARI),POINT (126.89991 33.4077466),4.5
93,제주특별자치도 서귀포시 표선면 번영로 2570,제주도에서 으뜸가는 식당입니다! 안 오면 후회하실거에요!,곤경에빠진버거,POINT (126.7804804 33.4035709),4.5
94,제주특별자치도 서귀포시 표선면 번영로 2564-13,제주도에서 으뜸가는 식당입니다! 안 오면 후회하실거에요!,정지,POINT (126.7786807 33.4026908),4.5
95,제주특별자치도 서귀포시 표선면 번영로 2644,제주도에서 으뜸가는 식당입니다! 안 오면 후회하실거에요!,이디야커피성읍점,POINT (126.7852521 33.3992006),4.5
96,제주특별자치도 서귀포시 성산읍 한도로 257 1층,제주도에서 으뜸가는 식당입니다! 안 오면 후회하실거에요!,뚱이네,POINT (126.6846116 33.3953165),4.5
97,제주특별자치도 서귀포시 성산읍 한도로 257 1층,제주도에서 으뜸가는 식당입니다! 안 오면 후회하실거에요!,쉬림프스토어,POINT (126.6846116 33.3953165),4.5
98,제주특별자치도 서귀포시 성산읍 한도로 257 1층,제주도에서 으뜸가는 식당입니다! 안 오면 후회하실거에요!,토스트와더치카페,POINT (126.6846116 33.3953165),4.5
99,제주특별자치도 서귀포시 성산읍 한도로 257 1층,제주도에서 으뜸가는 식당입니다! 안 오면 후회하실거에요!,유명한핫도그,POINT (126.6846116 33.3953165),4.5
100,제주특별자치도 서귀포시 표선면 성읍정의현로136번길 5-8,제주도에서 으뜸가는 식당입니다! 안 오면 후회하실거에요!,유끼네,POINT (126.7979406 33.3937793),4.5
101,제주특별자치도 서귀포시 표선면 성읍정의현로 110,제주도에서 으뜸가는 식당입니다! 안 오면 후회하실거에요!,세븐일레븐서귀포성읍점,POINT (126.8004404 33.392159),4.5
102,제주특별자치도 서귀포시 표선면 성읍정의현로 53,제주도에서 으뜸가는 식당입니다! 안 오면 후회하실거에요!,툇마루커피,POINT (126.8010884 33.3873938),4.5
103,제주특별자치도 서귀포시 성산읍 중산간동로 4204-14,제주도에서 으뜸가는 식당입니다! 안 오면 후회하실거에요!,물고기나무,POINT (126.8413634 33.3835243),4.5
104,제주특별자치도 서귀포시 중산간동로 7971 (동홍동),제주도에서 으뜸가는 식당입니다! 안 오면 후회하실거에요!,산지물마을까페,POINT (126.8413634 33.3835243),4.5
105,제주특별자치도 서귀포시 성산읍 중산간동로 4150-30 1층,제주도에서 으뜸가는 식당입니다! 안 오면 후회하실거에요!,쏭쏭,POINT (126.8413634 33.3835243),4.5
106,제주특별자치도 서귀포시 성산읍 중산간동로 4150-30,제주도에서 으뜸가는 식당입니다! 안 오면 후회하실거에요!,이디살레,POINT (126.8413634 33.3835243),4.5
107,제주특별자치도 서귀포시 표선면 중산간동로 4772,제주도에서 으뜸가는 식당입니다! 안 오면 후회하실거에요!,오늘은,POINT (126.7888722 33.382686),4.5
108,제주특별자치도 서귀포시 성산읍 중산간동로 4255,제주도에서 으뜸가는 식당입니다! 안 오면 후회하실거에요!,블루마운틴커피테마파크,POINT (126.8371501 33.3801892),4.5
109,제주특별자치도 서귀포시 성산읍 중산간동로 4255,제주도에서 으뜸가는 식당입니다! 안 오면 후회하실거에요!,베베로,POINT (126.8371501 33.3801892),4.5
110,제주특별자치도 서귀포시 성산읍 환해장성로 69 1층,제주도에서 으뜸가는 식당입니다! 안 오면 후회하실거에요!,제이아일랜드,POINT (126.8797688 33.378711),4.5
111,제주특별자치도 서귀포시 성산읍 일주동로 5185 가동 1층,제주도에서 으뜸가는 식당입니다! 안 오면 후회하실거에요!,레드피아노,POINT (126.8725065 33.3745513),4.5
112,제주특별자치도 서귀포시 성산읍 삼달로164번길 9-4,제주도에서 으뜸가는 식당입니다! 안 오면 후회하실거에요!,모구리의 뜰,POINT (126.8521602 33.3744469),4.5
113,제주특별자치도 서귀포시 표선면 번영로 2650,제주도에서 으뜸가는 식당입니다! 안 오면 후회하실거에요!,성읍랜드,POINT (126.7971235 33.3726822),4.5
114,제주특별자치도 서귀포시 남원읍 남조로 1105,제주도에서 으뜸가는 식당입니다! 안 오면 후회하실거에요!,주식회사더클래식씨씨그늘집1,POINT (126.6799654 33.3706144),4.5
115,제주특별자치도 서귀포시 성산읍 신풍하동로19번길 59 나동,제주도에서 으뜸가는 식당입니다! 안 오면 후회하실거에요!,아줄레주,POINT (126.8395566 33.3643757),4.5
116,제주특별자치도 서귀포시 남원읍 원님로399번길 319,제주도에서 으뜸가는 식당입니다! 안 오면 후회하실거에요!,모꼬지,POINT (126.72564 33.3601625),4.5
117,제주특별자치도 서귀포시 성산읍 한도로 257 1층,제주도에서 으뜸가는 식당입니다! 안 오면 후회하실거에요!,레이크,POINT (126.7718183 33.3535346),4.5
118,제주특별자치도 서귀포시 표선면 중산간동로5220번길 47,제주도에서 으뜸가는 식당입니다! 안 오면 후회하실거에요!,구면카페,POINT (126.7663005 33.3515083),4.5
119,제주특별자치도 서귀포시 표선면 가시로 340 1층,제주도에서 으뜸가는 식당입니다! 안 오면 후회하실거에요!,카페샤인,POINT (126.7895359 33.3456001),4.5
120,제주특별자치도 서귀포시 성산읍 신천동로 24-30 1 2층,제주도에서 으뜸가는 식당입니다! 안 오면 후회하실거에요!,비욘드북카페,POINT (126.8541536 33.34543),4.5
121,제주특별자치도 서귀포시 표선면 표선중앙로 8-4,제주도에서 으뜸가는 식당입니다! 안 오면 후회하실거에요!,맘스터치표선점,POINT (126.8289703 33.3318834),4.5
122,제주특별자치도 서귀포시 표선면 표선동서로 324-18,제주도에서 으뜸가는 식당입니다! 안 오면 후회하실거에요!,카페희상,POINT (126.838304 33.3299649),4.5
123,제주특별자치도 서귀포시 표선면 표선동서로 324-18,제주도에서 으뜸가는 식당입니다! 안 오면 후회하실거에요!,표선카라반,POINT (126.838304 33.3299649),4.5
124,제주특별자치도 서귀포시 표선면 표선중앙로 34,제주도에서 으뜸가는 식당입니다! 안 오면 후회하실거에요!,씨유제주표선중앙점,POINT (126.8302818 33.3296299),4.5
125,제주특별자치도 서귀포시 성산읍 한도로 257 1층,제주도에서 으뜸가는 식당입니다! 안 오면 후회하실거에요!,광평교푸드트럭,POINT (126.3567077 33.3294189),4.5
126,제주특별자치도 서귀포시 표선면 표선동서로 261,제주도에서 으뜸가는 식당입니다! 안 오면 후회하실거에요!,금빛다방,POINT (126.8337289 33.3271865),4.5
127,제주특별자치도 서귀포시 표선면 표선동서로 264 2층,제주도에서 으뜸가는 식당입니다! 안 오면 후회하실거에요!,용용다방,POINT (126.8348562 33.3270768),4.5
128,제주특별자치도 서귀포시 표선면 표선중앙로 68,제주도에서 으뜸가는 식당입니다! 안 오면 후회하실거에요!,아마니타,POINT (126.8317896 33.3269897),4.5
129,제주특별자치도 서귀포시 표선면 표선백사로 127 1층,제주도에서 으뜸가는 식당입니다! 안 오면 후회하실거에요!,롯데리아제주표선해변점,POINT (126.8366934 33.3267724),4.5
130,제주특별자치도 서귀포시 표선면 표선중앙로 75 1층,제주도에서 으뜸가는 식당입니다! 안 오면 후회하실거에요!,밥말리,POINT (126.8324236 33.3266458),4.5
131,제주특별자치도 서귀포시 표선면 표선동서로 255,제주도에서 으뜸가는 식당입니다! 안 오면 후회하실거에요!,향찻집,POINT (126.8331331 33.3265182),4.5
132,제주특별자치도 서귀포시 표선면 표선동서로 255,제주도에서 으뜸가는 식당입니다! 안 오면 후회하실거에요!,춘자싸롱멸치국수,POINT (126.8331331 33.3265182),4.5
133,제주특별자치도 서귀포시 표선면 표선백사로 123,제주도에서 으뜸가는 식당입니다! 안 오면 후회하실거에요!,네잎크로바,POINT (126.8366249 33.3264274),4.5
134,제주특별자치도 서귀포시 표선면 표선중앙로 76,제주도에서 으뜸가는 식당입니다! 안 오면 후회하실거에요!,곰다방,POINT (126.8322772 33.3264263),4.5
135,제주특별자치도 서귀포시 성산읍 한도로 257 1층,제주도에서 으뜸가는 식당입니다! 안 오면 후회하실거에요!,탐라포장마차,POINT (126.4716831 33.326215),4.5
136,제주특별자치도 서귀포시 표선면 중산간동로5570번길 9,제주도에서 으뜸가는 식당입니다! 안 오면 후회하실거에요!,그림상회,POINT (126.7650106 33.3262139),4.5
137,제주특별자치도 서귀포시 표선면 표선중앙로80번길 1,제주도에서 으뜸가는 식당입니다! 안 오면 후회하실거에요!,유성다방,POINT (126.8325393 33.326023),4.5
138,제주특별자치도 서귀포시 표선면 표선중앙로80번길 1 1층,제주도에서 으뜸가는 식당입니다! 안 오면 후회하실거에요!,표선순대,POINT (126.8325393 33.326023),4.5
139,제주특별자치도 서귀포시 표선면 표선중앙로80번길 9,제주도에서 으뜸가는 식당입니다! 안 오면 후회하실거에요!,가름다방,POINT (126.8317849 33.3258978),4.5
140,제주특별자치도 서귀포시 표선면 표선중앙로80번길 9,제주도에서 으뜸가는 식당입니다! 안 오면 후회하실거에요!,솔잎다방,POINT (126.8317849 33.3258978),4.5
141,제주특별자치도 서귀포시 표선면 표선중앙로80번길 9,제주도에서 으뜸가는 식당입니다! 안 오면 후회하실거에요!,두리다방,POINT (126.8317849 33.3258978),4.5
142,제주특별자치도 서귀포시 표선면 표선중앙로 89,제주도에서 으뜸가는 식당입니다! 안 오면 후회하실거에요!,표선다방,POINT (126.8336204 33.3258943),4.5
143,제주특별자치도 서귀포시 표선면 표선중앙로 97,제주도에서 으뜸가는 식당입니다! 안 오면 후회하실거에요!,꼭지분식,POINT (126.8344185 33.3258919),4.5
144,제주특별자치도 서귀포시 성산읍 한도로 257 1층,제주도에서 으뜸가는 식당입니다! 안 오면 후회하실거에요!,또와,POINT (126.6696618 33.3258417),4.5
145,제주특별자치도 서귀포시 표선면 표선중앙로 96,제주도에서 으뜸가는 식당입니다! 안 오면 후회하실거에요!,씨앤아이,POINT (126.8342123 33.3256492),4.5
146,제주특별자치도 서귀포시 표선면 표선중앙로 90 1층,제주도에서 으뜸가는 식당입니다! 안 오면 후회하실거에요!,지에스25제주표선점,POINT (126.8335518 33.3256448),4.5
147,제주특별자치도 서귀포시 표선면 표선중앙로96번길 1 1층,제주도에서 으뜸가는 식당입니다! 안 오면 후회하실거에요!,영화분식,POINT (126.8341283 33.3255023),4.5
148,제주특별자치도 서귀포시 표선면 표선중앙로96번길 12 1층,제주도에서 으뜸가는 식당입니다! 안 오면 후회하실거에요!,팽이다방,POINT (126.8337299 33.3253166),4.5
149,제주특별자치도 서귀포시 표선면 표선동서로 239,제주도에서 으뜸가는 식당입니다! 안 오면 후회하실거에요!,큰손왕만두,POINT (126.8323332 33.3252096),4.5
150,제주특별자치도 서귀포시 표선면 민속해안로 587,제주도에서 으뜸가는 식당입니다! 안 오면 후회하실거에요!,씨유제주당케점,POINT (126.8430288 33.3250933),4.5
151,제주특별자치도 서귀포시 표선면 표선동서로 236,제주도에서 으뜸가는 식당입니다! 안 오면 후회하실거에요!,한라산백록다방,POINT (126.8324787 33.325009),4.5
152,제주특별자치도 서귀포시 표선면 민속해안로 576,제주도에서 으뜸가는 식당입니다! 안 오면 후회하실거에요!,세븐일레븐 서귀포 표선 해비치점,POINT (126.844452 33.3249217),4.5
153,제주특별자치도 서귀포시 표선면 표선동서로 138,제주도에서 으뜸가는 식당입니다! 안 오면 후회하실거에요!,씨유제주표선남촌점,POINT (126.8331191 33.3247649),4.5
154,제주특별자치도 서귀포시 남원읍 서성로 459,제주도에서 으뜸가는 식당입니다! 안 오면 후회하실거에요!,스프링데일 카페테리아,POINT (126.6627718 33.3245683),4.5
155,제주특별자치도 서귀포시 남원읍 서성로 459,제주도에서 으뜸가는 식당입니다! 안 오면 후회하실거에요!,스프링데일통나무집,POINT (126.6627718 33.3245683),4.5
156,제주특별자치도 서귀포시 남원읍 서성로 755,제주도에서 으뜸가는 식당입니다! 안 오면 후회하실거에요!,머체왓숲길영농조합법인,POINT (126.6627718 33.3245683),4.5
157,제주특별자치도 서귀포시 표선면 표선중앙로90번길 13,제주도에서 으뜸가는 식당입니다! 안 오면 후회하실거에요!,유드림분식,POINT (126.8331639 33.3244501),4.5
158,제주특별자치도 서귀포시 표선면 표선동서로 230 1층,제주도에서 으뜸가는 식당입니다! 안 오면 후회하실거에요!,난타5000 표선점,POINT (126.8323566 33.3244236),4.5
159,제주특별자치도 서귀포시 표선면 표선동서로 228,제주도에서 으뜸가는 식당입니다! 안 오면 후회하실거에요!,원다방,POINT (126.8321767 33.3242993),4.5
160,제주특별자치도 서귀포시 표선면 민속해안로 537 1층,제주도에서 으뜸가는 식당입니다! 안 오면 후회하실거에요!,모루,POINT (126.8447796 33.3234478),4.5
161,제주특별자치도 서귀포시 표선면 세화강왓로 78 1층,제주도에서 으뜸가는 식당입니다! 안 오면 후회하실거에요!,북살롱이마고,POINT (126.7938632 33.3231773),4.5
162,제주특별자치도 서귀포시 성산읍 한도로 257 1층,제주도에서 으뜸가는 식당입니다! 안 오면 후회하실거에요!,사계절다방,POINT (126.8228665 33.3225332),4.5
163,제주특별자치도 서귀포시 표선면 민속해안로 631-34,제주도에서 으뜸가는 식당입니다! 안 오면 후회하실거에요!,민속촌편의점,POINT (126.8414874 33.3223451),4.5
164,제주특별자치도 서귀포시 표선면 민속해안로 631-34,제주도에서 으뜸가는 식당입니다! 안 오면 후회하실거에요!,길먹거리,POINT (126.8414874 33.3223451),4.5
165,제주특별자치도 서귀포시 표선면 표선동서로 192,제주도에서 으뜸가는 식당입니다! 안 오면 후회하실거에요!,씨유제주표선마을점,POINT (126.8306756 33.3211393),4.5
166,제주특별자치도 서귀포시 중앙로 199 1층 17호 (서홍동 서강파인힐5차),제주도에서 으뜸가는 식당입니다! 안 오면 후회하실거에요!,용순김밥,POINT (126.7703021 33.3204193),4.5
167,제주특별자치도 서귀포시 남원읍 남조로 52,제주도에서 으뜸가는 식당입니다! 안 오면 후회하실거에요!,원식품,POINT (126.7087521 33.3190481),4.5
168,제주특별자치도 서귀포시 남원읍 남조로 52,제주도에서 으뜸가는 식당입니다! 안 오면 후회하실거에요!,남원농협중앙간이지점,POINT (126.7087521 33.3190481),4.5
169,제주특별자치도 서귀포시 남원읍 남조로 697,제주도에서 으뜸가는 식당입니다! 안 오면 후회하실거에요!,물보라골,POINT (126.7087521 33.3190481),4.5
170,제주특별자치도 서귀포시 남원읍 남조로 861-78 2층,제주도에서 으뜸가는 식당입니다! 안 오면 후회하실거에요!,제주티에스휴게음식점,POINT (126.7087521 33.3190481),4.5
171,제주특별자치도 서귀포시 남원읍 남조로 593-2 1층,제주도에서 으뜸가는 식당입니다! 안 오면 후회하실거에요!,수망일기,POINT (126.7087521 33.3190481),4.5
172,제주특별자치도 서귀포시 남원읍 태수로358번길 3-1,제주도에서 으뜸가는 식당입니다! 안 오면 후회하실거에요!,오끼416갤러리,POINT (126.7226314 33.311317),4.5
173,제주특별자치도 서귀포시 안덕면 동광로 164,제주도에서 으뜸가는 식당입니다! 안 오면 후회하실거에요!,세븐일레븐동광점,POINT (126.3413657 33.3104382),4.5
174,제주특별자치도 서귀포시 표선면 토산중앙로16번길 15-1,제주도에서 으뜸가는 식당입니다! 안 오면 후회하실거에요!,테쉬폰카페,POINT (126.7811922 33.3092112),4.5
175,제주특별자치도 서귀포시 안덕면 동광로 257,제주도에서 으뜸가는 식당입니다! 안 오면 후회하실거에요!,원물휴게소,POINT (126.3402728 33.3089803),4.5
176,제주특별자치도 서귀포시 안덕면 동광로 151,제주도에서 으뜸가는 식당입니다! 안 오면 후회하실거에요!,꽃썸,POINT (126.3402728 33.3089803),4.5
177,제주특별자치도 서귀포시 안덕면 동광로 257,제주도에서 으뜸가는 식당입니다! 안 오면 후회하실거에요!,씨유서귀동광로점,POINT (126.3402728 33.3089803),4.5
178,제주특별자치도 서귀포시 남원읍 신례동로 256,제주도에서 으뜸가는 식당입니다! 안 오면 후회하실거에요!,휴애리,POINT (126.6344826 33.3085402),4.5
179,제주특별자치도 서귀포시 표선면 토산중앙로15번길 6 1층,제주도에서 으뜸가는 식당입니다! 안 오면 후회하실거에요!,카페알토산,POINT (126.7790718 33.3084898),4.5
180,제주특별자치도 서귀포시 안덕면 동광본동로 14-5 1층,제주도에서 으뜸가는 식당입니다! 안 오면 후회하실거에요!,더꾸밈,POINT (126.3380661 33.3073838),4.5
181,제주특별자치도 서귀포시 표선면 일주동로6455번길 9 1층,제주도에서 으뜸가는 식당입니다! 안 오면 후회하실거에요!,매일더탐나,POINT (126.7828911 33.3067321),4.5
182,제주특별자치도 서귀포시 안덕면 신화역사로 493,제주도에서 으뜸가는 식당입니다! 안 오면 후회하실거에요!,지에스25동광로터리점,POINT (126.3380858 33.3066927),4.5
183,제주특별자치도 서귀포시 안덕면 신화역사로 611,제주도에서 으뜸가는 식당입니다! 안 오면 후회하실거에요!,바램,POINT (126.3380858 33.3066927),4.5
184,제주특별자치도 서귀포시 안덕면 신화역사로188번길 151 지하1층 (H지구 트레이닝센터),제주도에서 으뜸가는 식당입니다! 안 오면 후회하실거에요!,씨유제주신화아띠점,POINT (126.3380858 33.3066927),4.5
185,제주특별자치도 서귀포시 안덕면 신화역사로 435,제주도에서 으뜸가는 식당입니다! 안 오면 후회하실거에요!,(주)이니스프리,POINT (126.2909201 33.3065954),4.5
186,제주특별자치도 서귀포시 안덕면 신화역사로 15,제주도에서 으뜸가는 식당입니다! 안 오면 후회하실거에요!,주식회사아모레퍼시픽오설록,POINT (126.28942 33.305894),4.5
187,제주특별자치도 서귀포시 표선면 일주동로 6347-17,제주도에서 으뜸가는 식당입니다! 안 오면 후회하실거에요!,옵데강,POINT (126.7921182 33.3056347),4.5
188,제주특별자치도 서귀포시 표선면 일주동로 6347-17,제주도에서 으뜸가는 식당입니다! 안 오면 후회하실거에요!,올래,POINT (126.7921182 33.3056347),4.5
189,제주특별자치도 서귀포시 표선면 일주동로 6470,제주도에서 으뜸가는 식당입니다! 안 오면 후회하실거에요!,슬로우,POINT (126.7921182 33.3056347),4.5
190,제주특별자치도 서귀포시 표선면 일주동로 6347-17,제주도에서 으뜸가는 식당입니다! 안 오면 후회하실거에요!,씨유 제주샤인빌리조트점,POINT (126.7921182 33.3056347),4.5
191,제주특별자치도 서귀포시 표선면 일주동로 6412 1층,제주도에서 으뜸가는 식당입니다! 안 오면 후회하실거에요!,지에스25서귀일주동로점,POINT (126.7921182 33.3056347),4.5
192,제주특별자치도 서귀포시 표선면 가마행남로 42,제주도에서 으뜸가는 식당입니다! 안 오면 후회하실거에요!,헤세드하우스,POINT (126.8049995 33.3053725),4.5
193,제주특별자치도 서귀포시 안덕면 신화역사로304번길 98 1층,제주도에서 으뜸가는 식당입니다! 안 오면 후회하실거에요!,카페윙클제주신화월드점,POINT (126.3149549 33.3052583),4.5
194,제주특별자치도 서귀포시 안덕면 신화역사로304번길 98 1층,제주도에서 으뜸가는 식당입니다! 안 오면 후회하실거에요!,메인스트리트스낵(Main Street Snacks),POINT (126.3149549 33.3052583),4.5
195,제주특별자치도 서귀포시 안덕면 신화역사로304번길 38 지하1층,제주도에서 으뜸가는 식당입니다! 안 오면 후회하실거에요!,엉클통김밥신화월드점,POINT (126.3149549 33.3052583),4.5
196,제주특별자치도 서귀포시 안덕면 신화역사로304번길 38 지하1층,제주도에서 으뜸가는 식당입니다! 안 오면 후회하실거에요!,오슬로신화월드점,POINT (126.3149549 33.3052583),4.5
197,제주특별자치도 서귀포시 안덕면 신화역사로304번길 38 지하1층,제주도에서 으뜸가는 식당입니다! 안 오면 후회하실거에요!,앤티앤스신화월드점,POINT (126.3149549 33.3052583),4.5
198,제주특별자치도 서귀포시 안덕면 신화역사로304번길 38 지하1층,제주도에서 으뜸가는 식당입니다! 안 오면 후회하실거에요!,왔다스트릿푸드신화월드점,POINT (126.3149549 33.3052583),4.5
199,제주특별자치도 서귀포시 안덕면 신화역사로304번길 38 호텔동 지하1층,제주도에서 으뜸가는 식당입니다! 안 오면 후회하실거에요!,스타벅스제주신화월드점,POINT (126.3149549 33.3052583),4.5
200,제주특별자치도 서귀포시 안덕면 신화역사로304번길 38 지하1층,제주도에서 으뜸가는 식당입니다! 안 오면 후회하실거에요!,스무디킹신화월드점,POINT (126.3149549 33.3052583),4.5
201,제주특별자치도 서귀포시 안덕면 녹차분재로 45 1층,제주도에서 으뜸가는 식당입니다! 안 오면 후회하실거에요!,신성휴게소,POINT (126.29972 33.304846),4.5
202,제주특별자치도 서귀포시 안덕면 신화역사로 473-2,제주도에서 으뜸가는 식당입니다! 안 오면 후회하실거에요!,신화속으로,POINT (126.317122 33.301546),4.5
203,제주특별자치도 서귀포시 안덕면 신화역사로304번길 139 1층 (제주신화빌라스 한국스퀘어),제주도에서 으뜸가는 식당입니다! 안 오면 후회하실거에요!,주식회사명가투썸플레이스제주신화빌라스점,POINT (126.317122 33.301546),4.5
204,제주특별자치도 서귀포시 안덕면 신화역사로304번길 139 2층 (신화빌라스 한국스퀘어),제주도에서 으뜸가는 식당입니다! 안 오면 후회하실거에요!,(주)명가로봇김밥신화빌라스제주점,POINT (126.317122 33.301546),4.5
205,제주특별자치도 서귀포시 안덕면 신화역사로304번길 139 1층 (제주신화빌라스일본테라스),제주도에서 으뜸가는 식당입니다! 안 오면 후회하실거에요!,씨유제주신화빌라스점,POINT (126.317122 33.301546),4.5
206,제주특별자치도 서귀포시 안덕면 신화역사로304번길 139 1층 (제주신화빌라스한국스퀘어),제주도에서 으뜸가는 식당입니다! 안 오면 후회하실거에요!,투썸플레이스제주신화빌라스점별관,POINT (126.317122 33.301546),4.5
207,제주특별자치도 서귀포시 안덕면 병악로 31 1층,제주도에서 으뜸가는 식당입니다! 안 오면 후회하실거에요!,아뜰리에제주명월,POINT (126.3723948 33.2968281),4.5
208,제주특별자치도 서귀포시 대정읍 글로벌에듀로145번길 40,제주도에서 으뜸가는 식당입니다! 안 오면 후회하실거에요!,GS25 제주국제점,POINT (126.2896818 33.2956392),4.5
209,제주특별자치도 서귀포시 대정읍 글로벌에듀로145번길 40 2층,제주도에서 으뜸가는 식당입니다! 안 오면 후회하실거에요!,노스코(NOSCO),POINT (126.2896818 33.2956392),4.5
210,제주특별자치도 서귀포시 대정읍 글로벌에듀로145번길 40 106호,제주도에서 으뜸가는 식당입니다! 안 오면 후회하실거에요!,씨유제주영어마을점,POINT (126.2896818 33.2956392),4.5
211,제주특별자치도 서귀포시 516로 466 (상효동),제주도에서 으뜸가는 식당입니다! 안 오면 후회하실거에요!,씨유서귀포돈내코점,POINT (126.5949687 33.2927354),4.5
212,제주특별자치도 서귀포시 안덕면 녹차분재로 218,제주도에서 으뜸가는 식당입니다! 안 오면 후회하실거에요!,항공우주박물관 엔젤리너스,POINT (126.2996588 33.2923161),4.5
213,제주특별자치도 서귀포시 안덕면 녹차분재로 218,제주도에서 으뜸가는 식당입니다! 안 오면 후회하실거에요!,항공우주박물관 새차미,POINT (126.2996588 33.2923161),4.5
214,제주특별자치도 서귀포시 안덕면 녹차분재로 218,제주도에서 으뜸가는 식당입니다! 안 오면 후회하실거에요!,항공우주박물관 푸드팰리스,POINT (126.2996588 33.2923161),4.5
215,제주특별자치도 서귀포시 안덕면 녹차분재로 218,제주도에서 으뜸가는 식당입니다! 안 오면 후회하실거에요!,항공우주박물관 롯데리아,POINT (126.2996588 33.2923161),4.5
216,제주특별자치도 서귀포시 안덕면 녹차분재로 199,제주도에서 으뜸가는 식당입니다! 안 오면 후회하실거에요!,별난카페,POINT (126.2996588 33.2923161),4.5
217,제주특별자치도 서귀포시 대정읍 에듀시티로 40 1층 102호,제주도에서 으뜸가는 식당입니다! 안 오면 후회하실거에요!,바이올가서귀포영어마을점,POINT (126.284336 33.291839),4.5
218,제주특별자치도 서귀포시 대정읍 에듀시티로 36 1층,제주도에서 으뜸가는 식당입니다! 안 오면 후회하실거에요!,스타벅스제주에듀시티점,POINT (126.284336 33.291839),4.5
219,제주특별자치도 서귀포시 성산읍 한도로 257 1층,제주도에서 으뜸가는 식당입니다! 안 오면 후회하실거에요!,씨유제주영어교육도시점,POINT (126.2885061 33.291267),4.5
220,제주특별자치도 서귀포시 안덕면 녹차분재로 64 1층,제주도에서 으뜸가는 식당입니다! 안 오면 후회하실거에요!,씨유서귀서광신화점,POINT (126.3009964 33.2910924),4.5
221,제주특별자치도 서귀포시 안덕면 녹차분재로 64 1층,제주도에서 으뜸가는 식당입니다! 안 오면 후회하실거에요!,코코호도서귀포시신화월드점,POINT (126.3009964 33.2910924),4.5
222,제주특별자치도 서귀포시 안덕면 녹차분재로 61,제주도에서 으뜸가는 식당입니다! 안 오면 후회하실거에요!,지에스25서귀서광로점,POINT (126.3011741 33.2906919),4.5
223,제주특별자치도 서귀포시 안덕면 중산간서로 1878,제주도에서 으뜸가는 식당입니다! 안 오면 후회하실거에요!,소인국카페,POINT (126.322602 33.2904213),4.5
224,제주특별자치도 서귀포시 안덕면 중산간서로 1878,제주도에서 으뜸가는 식당입니다! 안 오면 후회하실거에요!,걸리버스넥,POINT (126.322602 33.2904213),4.5
225,제주특별자치도 서귀포시 안덕면 한창로 340,제주도에서 으뜸가는 식당입니다! 안 오면 후회하실거에요!,(주)제이콥에프앤비제주아일랜드점,POINT (126.3538589 33.2903783),4.5
226,제주특별자치도 서귀포시 안덕면 한창로 146 1층,제주도에서 으뜸가는 식당입니다! 안 오면 후회하실거에요!,이어휴게마트,POINT (126.3538589 33.2903783),4.5
227,제주특별자치도 서귀포시 남원읍 남위남성로 168,제주도에서 으뜸가는 식당입니다! 안 오면 후회하실거에요!,가뫼물카페,POINT (126.6935278 33.2899733),4.5
228,제주특별자치도 서귀포시 안덕면 중산간서로 1957,제주도에서 으뜸가는 식당입니다! 안 오면 후회하실거에요!,서광휴게소,POINT (126.3148155 33.2896606),4.5
229,제주특별자치도 서귀포시 토평공단로 78-22 1동 1층 (토평동),제주도에서 으뜸가는 식당입니다! 안 오면 후회하실거에요!,에스케이엘이씨,POINT (126.5876107 33.2894549),4.5
230,제주특별자치도 서귀포시 안덕면 중산간서로 1882,제주도에서 으뜸가는 식당입니다! 안 오면 후회하실거에요!,지에스25안덕서광점,POINT (126.322306 33.2891738),4.5
231,제주특별자치도 서귀포시 안덕면 병악로 98-2 1층,제주도에서 으뜸가는 식당입니다! 안 오면 후회하실거에요!,프롬더힐,POINT (126.3701349 33.2889802),4.5
232,제주특별자치도 서귀포시 대정읍 에듀시티로 74,제주도에서 으뜸가는 식당입니다! 안 오면 후회하실거에요!,지에스25제주영어마을점,POINT (126.2822574 33.2887993),4.5
233,제주특별자치도 서귀포시 안덕면 서광동로25번길 11,제주도에서 으뜸가는 식당입니다! 안 오면 후회하실거에요!,감귤창고카페,POINT (126.3301078 33.2886219),4.5
234,제주특별자치도 서귀포시 안덕면 녹차분재로 32,제주도에서 으뜸가는 식당입니다! 안 오면 후회하실거에요!,카페올림,POINT (126.3028931 33.2885679),4.5
235,제주특별자치도 서귀포시 인정오름로86번길 2 지하층 (토평동),제주도에서 으뜸가는 식당입니다! 안 오면 후회하실거에요!,파우제,POINT (126.5785245 33.2879642),4.5
236,제주특별자치도 서귀포시 대정읍 에듀시티로 102 상가동 1층 110호,제주도에서 으뜸가는 식당입니다! 안 오면 후회하실거에요!,지에스25대정한신점,POINT (126.281098 33.286509),4.5
237,제주특별자치도 서귀포시 안덕면 중산간서로 1981,제주도에서 으뜸가는 식당입니다! 안 오면 후회하실거에요!,카페소리,POINT (126.3077305 33.2862497),4.5
238,제주특별자치도 서귀포시 대정읍 글로벌에듀로 382 1층,제주도에서 으뜸가는 식당입니다! 안 오면 후회하실거에요!,씨유제주이노에듀타운점,POINT (126.2791491 33.2851761),4.5
239,제주특별자치도 서귀포시 대정읍 글로벌에듀로304번길 10,제주도에서 으뜸가는 식당입니다! 안 오면 후회하실거에요!,(주)아워홈 에스제이에이제주점 카페그랑,POINT (126.2791491 33.2851761),4.5
240,제주특별자치도 서귀포시 대정읍 에듀시티로 148 105호,제주도에서 으뜸가는 식당입니다! 안 오면 후회하실거에요!,씨유제주삼정지에듀점,POINT (126.276762 33.284366),4.5
241,제주특별자치도 서귀포시 안덕면 한창로 273,제주도에서 으뜸가는 식당입니다! 안 오면 후회하실거에요!,정석편의점,POINT (126.353606 33.2843492),4.5
242,제주특별자치도 서귀포시 안덕면 한창로 273,제주도에서 으뜸가는 식당입니다! 안 오면 후회하실거에요!,씨유서귀평화로점,POINT (126.353606 33.2843492),4.5
243,제주특별자치도 서귀포시 안덕면 서광남로 123,제주도에서 으뜸가는 식당입니다! 안 오면 후회하실거에요!,인공위성제주,POINT (126.3008364 33.2835776),4.5
244,제주특별자치도 서귀포시 남원읍 일주동로 6611,제주도에서 으뜸가는 식당입니다! 안 오면 후회하실거에요!,세븐일레븐서귀포신흥점,POINT (126.7051642 33.2835671),4.5
245,제주특별자치도 서귀포시 남원읍 일주동로 7224,제주도에서 으뜸가는 식당입니다! 안 오면 후회하실거에요!,남원휴게소,POINT (126.7051642 33.2835671),4.5
246,제주특별자치도 서귀포시 남원읍 일주동로 7982,제주도에서 으뜸가는 식당입니다! 안 오면 후회하실거에요!,몬딱분식,POINT (126.7051642 33.2835671),4.5
247,제주특별자치도 서귀포시 남원읍 일주동로 6745,제주도에서 으뜸가는 식당입니다! 안 오면 후회하실거에요!,씨유서귀태흥점,POINT (126.7051642 33.2835671),4.5
248,제주특별자치도 서귀포시 남원읍 일주동로 7501 1층,제주도에서 으뜸가는 식당입니다! 안 오면 후회하실거에요!,영실감귤,POINT (126.7051642 33.2835671),4.5
249,제주특별자치도 서귀포시 안덕면 중산간서로 1610,제주도에서 으뜸가는 식당입니다! 안 오면 후회하실거에요!,자동차박물관티하우스,POINT (126.349772 33.2831948),4.5
250,제주특별자치도 서귀포시 남원읍 중산간동로 7129,제주도에서 으뜸가는 식당입니다! 안 오면 후회하실거에요!,네이처캔바스,POINT (126.6308418 33.283037),4.5
251,제주특별자치도 서귀포시 대정읍 중산간서로 2260-15,제주도에서 으뜸가는 식당입니다! 안 오면 후회하실거에요!,노리 매,POINT (126.2875448 33.2825685),4.5
252,제주특별자치도 서귀포시 대정읍 중산간서로 2576 나동,제주도에서 으뜸가는 식당입니다! 안 오면 후회하실거에요!,바람곶,POINT (126.2875448 33.2825685),4.5
253,제주특별자치도 서귀포시 남원읍 남태해안로 285-1,제주도에서 으뜸가는 식당입니다! 안 오면 후회하실거에요!,모두올레애견하우스카페(cafe)왈,POINT (126.7328037 33.2819894),4.5
254,제주특별자치도 서귀포시 남원읍 하례로 393,제주도에서 으뜸가는 식당입니다! 안 오면 후회하실거에요!,내창,POINT (126.6213462 33.281977),4.5
255,제주특별자치도 서귀포시 남원읍 태위로723번길 31-11 1층,제주도에서 으뜸가는 식당입니다! 안 오면 후회하실거에요!,씨유서귀남원로점,POINT (126.7210225 33.2817614),4.5
256,제주특별자치도 서귀포시 남원읍 신례로 95 1층,제주도에서 으뜸가는 식당입니다! 안 오면 후회하실거에요!,행복나무,POINT (126.6336018 33.281754),4.5
257,제주특별자치도 서귀포시 남원읍 남태해안로 145 1층,제주도에서 으뜸가는 식당입니다! 안 오면 후회하실거에요!,무인카페등대,POINT (126.7340308 33.2812109),4.5
258,제주특별자치도 서귀포시 남원읍 태위로894번길 45,제주도에서 으뜸가는 식당입니다! 안 오면 후회하실거에요!,마더카페,POINT (126.7415575 33.281192),4.5
259,제주특별자치도 서귀포시 남원읍 태위로 907,제주도에서 으뜸가는 식당입니다! 안 오면 후회하실거에요!,코리아커피(Corea Coffee),POINT (126.707391 33.280681),4.5
260,제주특별자치도 서귀포시 남원읍 태위로 483,제주도에서 으뜸가는 식당입니다! 안 오면 후회하실거에요!,느영나영초가집,POINT (126.707391 33.280681),4.5
261,제주특별자치도 서귀포시 남원읍 하신로 302,제주도에서 으뜸가는 식당입니다! 안 오면 후회하실거에요!,개판오분전,POINT (126.6319212 33.2804385),4.5
262,제주특별자치도 서귀포시 남원읍 남한로 12-1,제주도에서 으뜸가는 식당입니다! 안 오면 후회하실거에요!,욜로김밥,POINT (126.7180039 33.2802165),4.5
263,제주특별자치도 서귀포시 남원읍 태위로689번길 8,제주도에서 으뜸가는 식당입니다! 안 오면 후회하실거에요!,선다방,POINT (126.7201902 33.2801687),4.5
264,제주특별자치도 서귀포시 남원읍 태위로 703,제주도에서 으뜸가는 식당입니다! 안 오면 후회하실거에요!,씨유서귀남원태위로점,POINT (126.7216566 33.2800152),4.5
265,제주특별자치도 서귀포시 남원읍 태위로679번길 8,제주도에서 으뜸가는 식당입니다! 안 오면 후회하실거에요!,청실,POINT (126.7191442 33.2799028),4.5
266,제주특별자치도 서귀포시 대정읍 영어도시로 1,제주도에서 으뜸가는 식당입니다! 안 오면 후회하실거에요!,제주지에스구억점,POINT (126.2737676 33.2798179),4.5
267,제주특별자치도 서귀포시 대정읍 영어도시로 27-2 1층 102호,제주도에서 으뜸가는 식당입니다! 안 오면 후회하실거에요!,소소희,POINT (126.2737676 33.2798179),4.5
268,제주특별자치도 서귀포시 남원읍 태위로 683,제주도에서 으뜸가는 식당입니다! 안 오면 후회하실거에요!,레인보우PC방,POINT (126.7196165 33.2795389),4.5
269,제주특별자치도 서귀포시 남원읍 태위로 687,제주도에서 으뜸가는 식당입니다! 안 오면 후회하실거에요!,제원다방,POINT (126.7199645 33.2795235),4.5
270,제주특별자치도 서귀포시 남원읍 태위로 689,제주도에서 으뜸가는 식당입니다! 안 오면 후회하실거에요!,귀빈다방,POINT (126.7201097 33.2795061),4.5
271,제주특별자치도 서귀포시 남원읍 태위로 692,제주도에서 으뜸가는 식당입니다! 안 오면 후회하실거에요!,동그라미다방,POINT (126.7204836 33.2793359),4.5
272,제주특별자치도 서귀포시 남원읍 태위로679번길 2,제주도에서 으뜸가는 식당입니다! 안 오면 후회하실거에요!,남원분식,POINT (126.719333 33.279325),4.5
273,제주특별자치도 서귀포시 남원읍 태위로 673,제주도에서 으뜸가는 식당입니다! 안 오면 후회하실거에요!,탐우동,POINT (126.7184405 33.2791363),4.5
274,제주특별자치도 서귀포시 남원읍 태위로 673,제주도에서 으뜸가는 식당입니다! 안 오면 후회하실거에요!,씨유남제주점,POINT (126.7184405 33.2791363),4.5
275,제주특별자치도 서귀포시 남원읍 태위로682번길 2,제주도에서 으뜸가는 식당입니다! 안 오면 후회하실거에요!,항아리반찬가게,POINT (126.7193965 33.2790966),4.5
276,제주특별자치도 서귀포시 남원읍 태위로663번길 1 1층,제주도에서 으뜸가는 식당입니다! 안 오면 후회하실거에요!,개미와베짱이,POINT (126.7174303 33.2788509),4.5
277,제주특별자치도 서귀포시 남원읍 태위로 672-8,제주도에서 으뜸가는 식당입니다! 안 오면 후회하실거에요!,아일랜드,POINT (126.7185714 33.2788483),4.5
278,제주특별자치도 서귀포시 남원읍 태위로 659,제주도에서 으뜸가는 식당입니다! 안 오면 후회하실거에요!,시카고피자남원점,POINT (126.7170458 33.2787198),4.5
279,제주특별자치도 서귀포시 남원읍 태위로 668,제주도에서 으뜸가는 식당입니다! 안 오면 후회하실거에요!,버거나라남원점,POINT (126.7179704 33.2786915),4.5
280,제주특별자치도 서귀포시 남원읍 남태해안로 135 1층,제주도에서 으뜸가는 식당입니다! 안 오면 후회하실거에요!,이디야커피 제주남원점,POINT (126.7196335 33.2782984),4.5
281,제주특별자치도 서귀포시 남원읍 태위로 623,제주도에서 으뜸가는 식당입니다! 안 오면 후회하실거에요!,GS25서귀에덴점,POINT (126.7132974 33.2777668),4.5
282,제주특별자치도 서귀포시 남원읍 남원체육관로 69-1 1층,제주도에서 으뜸가는 식당입니다! 안 오면 후회하실거에요!,쉼카페,POINT (126.692878 33.2775349),4.5
283,제주특별자치도 서귀포시 하신상로 229 1층 (상효동),제주도에서 으뜸가는 식당입니다! 안 오면 후회하실거에요!,로하스,POINT (126.6067488 33.2761847),4.5
284,제주특별자치도 서귀포시 대정읍 중산간서로 2397 1층,제주도에서 으뜸가는 식당입니다! 안 오면 후회하실거에요!,씨유서귀구억점,POINT (126.2571383 33.2761837),4.5
285,제주특별자치도 서귀포시 대정읍 중산간서로 2613,제주도에서 으뜸가는 식당입니다! 안 오면 후회하실거에요!,지에스25제주신평점,POINT (126.2571383 33.2761837),4.5
286,제주특별자치도 서귀포시 대정읍 중산간서로 2244 1층,제주도에서 으뜸가는 식당입니다! 안 오면 후회하실거에요!,노리매왕만두,POINT (126.2571383 33.2761837),4.5
287,제주특별자치도 서귀포시 남원읍 태위로 275-2 1 2층,제주도에서 으뜸가는 식당입니다! 안 오면 후회하실거에요!,동박낭,POINT (126.6770034 33.2760352),4.5
288,제주특별자치도 서귀포시 남원읍 태위로 200,제주도에서 으뜸가는 식당입니다! 안 오면 후회하실거에요!,씨유제주위미점,POINT (126.6687976 33.2749594),4.5
289,제주특별자치도 서귀포시 남원읍 태위로510번길 91-2,제주도에서 으뜸가는 식당입니다! 안 오면 후회하실거에요!,로드삼점칠,POINT (126.6947399 33.274681),4.5
290,제주특별자치도 서귀포시 남원읍 태위로 536,제주도에서 으뜸가는 식당입니다! 안 오면 후회하실거에요!,플레이(Play),POINT (126.7058491 33.2746312),4.5
291,제주특별자치도 서귀포시 남원읍 태위로 87,제주도에서 으뜸가는 식당입니다! 안 오면 후회하실거에요!,시스베이글,POINT (126.6568976 33.2744356),4.5
292,제주특별자치도 서귀포시 안덕면 한창로 128,제주도에서 으뜸가는 식당입니다! 안 오면 후회하실거에요!,올레휴게마트,POINT (126.3636498 33.2741273),4.5
293,제주특별자치도 서귀포시 남원읍 태위로266번길 15,제주도에서 으뜸가는 식당입니다! 안 오면 후회하실거에요!,르브아,POINT (126.676409 33.2739606),4.5
294,제주특별자치도 서귀포시 남원읍 태위로 62-1,제주도에서 으뜸가는 식당입니다! 안 오면 후회하실거에요!,위미(WEME),POINT (126.6544853 33.273416),4.5
295,제주특별자치도 서귀포시 남원읍 태위로 60,제주도에서 으뜸가는 식당입니다! 안 오면 후회하실거에요!,이쁜이김밥,POINT (126.6542951 33.273358),4.5
296,제주특별자치도 서귀포시 남원읍 위미해안로 18 1층,제주도에서 으뜸가는 식당입니다! 안 오면 후회하실거에요!,제주에오길,POINT (126.6577999 33.2730578),4.5
297,제주특별자치도 서귀포시 남원읍 태위로 522-12,제주도에서 으뜸가는 식당입니다! 안 오면 후회하실거에요!,금호커피전문점,POINT (126.7014772 33.2729636),4.5
298,제주특별자치도 서귀포시 남원읍 태위로 522-12 1층,제주도에서 으뜸가는 식당입니다! 안 오면 후회하실거에요!,세렌딥,POINT (126.7014772 33.2729636),4.5
299,제주특별자치도 서귀포시 남원읍 태위로 522-12 1층,제주도에서 으뜸가는 식당입니다! 안 오면 후회하실거에요!,던킨도너츠제주금호리조트점,POINT (126.7014772 33.2729636),4.5
300,제주특별자치도 서귀포시 남원읍 위미중앙로300번길 28,제주도에서 으뜸가는 식당입니다! 안 오면 후회하실거에요!,와랑와랑,POINT (126.676564 33.2723619),4.5
301,제주특별자치도 서귀포시 효돈순환로 441 (신효동),제주도에서 으뜸가는 식당입니다! 안 오면 후회하실거에요!,감귤박물관쉼터,POINT (126.6076604 33.2715236),4.5
302,제주특별자치도 서귀포시 효돈순환로 441 2층 (신효동),제주도에서 으뜸가는 식당입니다! 안 오면 후회하실거에요!,카페꿈나다,POINT (126.6076604 33.2715236),4.5
303,제주특별자치도 서귀포시 토평로50번길 23 1층 (토평동),제주도에서 으뜸가는 식당입니다! 안 오면 후회하실거에요!,카페50번길,POINT (126.590941 33.2701369),4.5
304,제주특별자치도 서귀포시 남원읍 위미해안로 86,제주도에서 으뜸가는 식당입니다! 안 오면 후회하실거에요!,카페 서연의집,POINT (126.6556626 33.2694372),4.5
305,제주특별자치도 서귀포시 토평로50번길 44 (토평동),제주도에서 으뜸가는 식당입니다! 안 오면 후회하실거에요!,올레들영가게,POINT (126.5903553 33.2688319),4.5
306,제주특별자치도 서귀포시 516로 176 (토평동),제주도에서 으뜸가는 식당입니다! 안 오면 후회하실거에요!,516김밥,POINT (126.5857876 33.2687657),4.5
307,제주특별자치도 서귀포시 516로 176 1층 (토평동),제주도에서 으뜸가는 식당입니다! 안 오면 후회하실거에요!,씨유제주516도로점,POINT (126.5857876 33.2687657),4.5
308,제주특별자치도 서귀포시 중산간동로 7738 (토평동),제주도에서 으뜸가는 식당입니다! 안 오면 후회하실거에요!,씨유서귀토평점,POINT (126.589636 33.2682594),4.5
309,제주특별자치도 서귀포시 월산로 30 1층 (강정동),제주도에서 으뜸가는 식당입니다! 안 오면 후회하실거에요!,엉또돌다카페&농원,POINT (126.4950848 33.2676632),4.5
310,제주특별자치도 서귀포시 중산간동로 7791 (토평동),제주도에서 으뜸가는 식당입니다! 안 오면 후회하실거에요!,모닝분식,POINT (126.5838207 33.2670104),4.5
311,제주특별자치도 서귀포시 효돈로 34 (신효동),제주도에서 으뜸가는 식당입니다! 안 오면 후회하실거에요!,금선다원,POINT (126.6083751 33.2667636),4.5
312,제주특별자치도 서귀포시 남원읍 공천포로 91,제주도에서 으뜸가는 식당입니다! 안 오면 후회하실거에요!,숑,POINT (126.6428296 33.2664162),4.5
313,제주특별자치도 서귀포시 성산읍 한도로 257 1층,제주도에서 으뜸가는 식당입니다! 안 오면 후회하실거에요!,솔오름전망대,POINT (126.5671727 33.2663197),4.5
314,제주특별자치도 서귀포시 성산읍 한도로 257 1층,제주도에서 으뜸가는 식당입니다! 안 오면 후회하실거에요!,될놈,POINT (126.5671727 33.2663197),4.5
315,제주특별자치도 서귀포시 성산읍 한도로 257 1층,제주도에서 으뜸가는 식당입니다! 안 오면 후회하실거에요!,솔오름푸드트럭,POINT (126.5671727 33.2663197),4.5
316,제주특별자치도 서귀포시 중산간서로 777 1층 (중문동),제주도에서 으뜸가는 식당입니다! 안 오면 후회하실거에요!,새코롬,POINT (126.4427367 33.266226),4.5
317,제주특별자치도 서귀포시 중산간동로 7926 (동홍동),제주도에서 으뜸가는 식당입니다! 안 오면 후회하실거에요!,또또김밥,POINT (126.5697725 33.2659083),4.5
318,제주특별자치도 서귀포시 토평서로11번길 155 (동홍동),제주도에서 으뜸가는 식당입니다! 안 오면 후회하실거에요!,지에스25오일장점,POINT (126.5736594 33.2657988),4.5
319,제주특별자치도 서귀포시 중산간동로7929번길 2 (동홍동),제주도에서 으뜸가는 식당입니다! 안 오면 후회하실거에요!,완댜,POINT (126.5691129 33.2657502),4.5
320,제주특별자치도 서귀포시 현청로 51 (서홍동),제주도에서 으뜸가는 식당입니다! 안 오면 후회하실거에요!,놀멍쉬멍고르멍,POINT (126.554049 33.2654692),4.5
321,제주특별자치도 서귀포시 안덕면 일주서로 1326,제주도에서 으뜸가는 식당입니다! 안 오면 후회하실거에요!,창천휴게음식점,POINT (126.3717798 33.2653527),4.5
322,제주특별자치도 서귀포시 안덕면 창천중앙로24번길 16 2층,제주도에서 으뜸가는 식당입니다! 안 오면 후회하실거에요!,춘심이네 카페,POINT (126.3705871 33.2647393),4.5
323,제주특별자치도 서귀포시 중산간동로 8004 (동홍동),제주도에서 으뜸가는 식당입니다! 안 오면 후회하실거에요!,씨유서귀포동홍점,POINT (126.5616851 33.2646916),4.5
324,제주특별자치도 서귀포시 동홍로162번길 3 1층 (동홍동),제주도에서 으뜸가는 식당입니다! 안 오면 후회하실거에요!,GS25서귀동홍반석점,POINT (126.5732289 33.2646885),4.5
325,제주특별자치도 서귀포시 중산간동로 8044-4 (서홍동),제주도에서 으뜸가는 식당입니다! 안 오면 후회하실거에요!,소풍키즈카페,POINT (126.5576903 33.2646426),4.5
326,제주특별자치도 서귀포시 우남로2번길 8 1층 (상예동),제주도에서 으뜸가는 식당입니다! 안 오면 후회하실거에요!,상예휴게마트,POINT (126.3924634 33.2644895),4.5
327,제주특별자치도 서귀포시 일주서로 1124 (상예동),제주도에서 으뜸가는 식당입니다! 안 오면 후회하실거에요!,세븐일레븐서귀포스카이힐점,POINT (126.3933033 33.2644535),4.5
328,제주특별자치도 서귀포시 1100로 6 (중문동),제주도에서 으뜸가는 식당입니다! 안 오면 후회하실거에요!,씨유제주중문사거리점,POINT (126.4437226 33.2643673),4.5
329,제주특별자치도 서귀포시 중산간동로 8048-2 (서홍동),제주도에서 으뜸가는 식당입니다! 안 오면 후회하실거에요!,씨유서귀서홍로점,POINT (126.5570217 33.2643139),4.5
330,제주특별자치도 서귀포시 효돈로 137-1 1층 (신효동),제주도에서 으뜸가는 식당입니다! 안 오면 후회하실거에요!,플러스숑,POINT (126.613848 33.2641256),4.5
331,제주특별자치도 서귀포시 효돈로 144 2층 (신효동),제주도에서 으뜸가는 식당입니다! 안 오면 후회하실거에요!,지에스25서귀효돈점,POINT (126.6142563 33.2637541),4.5
332,제주특별자치도 서귀포시 효돈로 158 (하효동),제주도에서 으뜸가는 식당입니다! 안 오면 후회하실거에요!,카페더불어,POINT (126.6156328 33.2635098),4.5
333,제주특별자치도 서귀포시 효돈로 158 (하효동),제주도에서 으뜸가는 식당입니다! 안 오면 후회하실거에요!,섬떡볶이,POINT (126.6156328 33.2635098),4.5
334,제주특별자치도 서귀포시 하신상로 30 (하효동),제주도에서 으뜸가는 식당입니다! 안 오면 후회하실거에요!,착한만두앤고로케2호점,POINT (126.6177577 33.2634478),4.5
335,제주특별자치도 서귀포시 일주동로 8092 (하효동),제주도에서 으뜸가는 식당입니다! 안 오면 후회하실거에요!,씨유서귀포효돈점,POINT (126.6215467 33.2631427),4.5
336,제주특별자치도 서귀포시 일주서로 1076 (상예동),제주도에서 으뜸가는 식당입니다! 안 오면 후회하실거에요!,GS25편의점중문상예점,POINT (126.3982809 33.2629769),4.5
337,제주특별자치도 서귀포시 소보리당로 222 (상예동),제주도에서 으뜸가는 식당입니다! 안 오면 후회하실거에요!,소보리당로222,POINT (126.383308 33.2629138),4.5
338,제주특별자치도 서귀포시 안덕면 일주서로 1357,제주도에서 으뜸가는 식당입니다! 안 오면 후회하실거에요!,세븐일레븐서귀포창천점,POINT (126.369843 33.2627939),4.5
339,제주특별자치도 서귀포시 소보리당로 220 (상예동),제주도에서 으뜸가는 식당입니다! 안 오면 후회하실거에요!,재즈맛집,POINT (126.3838962 33.2625599),4.5
340,제주특별자치도 서귀포시 대정읍 영락사독로 13 1 2층,제주도에서 으뜸가는 식당입니다! 안 오면 후회하실거에요!,파파스토리,POINT (126.2089836 33.2625567),4.5
341,제주특별자치도 서귀포시 상효로 39 (상효동),제주도에서 으뜸가는 식당입니다! 안 오면 후회하실거에요!,오델로,POINT (126.5958936 33.2624644),4.5
342,제주특별자치도 서귀포시 중앙로195번길 2 (서홍동),제주도에서 으뜸가는 식당입니다! 안 오면 후회하실거에요!,띠아모서홍점,POINT (126.5561853 33.261859),4.5
343,제주특별자치도 서귀포시 색달로81번길 53 1층 (색달동),제주도에서 으뜸가는 식당입니다! 안 오면 후회하실거에요!,생수천쉼터,POINT (126.407066 33.2618492),4.5
344,제주특별자치도 서귀포시 서호호근로 75 1층 (서호동),제주도에서 으뜸가는 식당입니다! 안 오면 후회하실거에요!,씨유서귀호근사거리점,POINT (126.5217426 33.2616977),4.5
345,제주특별자치도 서귀포시 성산읍 한도로 257 1층,제주도에서 으뜸가는 식당입니다! 안 오면 후회하실거에요!,북까페 평화책방,POINT (126.49447 33.2615636),4.5
346,제주특별자치도 서귀포시 성산읍 한도로 257 1층,제주도에서 으뜸가는 식당입니다! 안 오면 후회하실거에요!,제주맛드림,POINT (126.49447 33.2615636),4.5
347,제주특별자치도 서귀포시 색달로 128 1층 (색달동),제주도에서 으뜸가는 식당입니다! 안 오면 후회하실거에요!,가가하우스,POINT (126.4137248 33.2612696),4.5
348,제주특별자치도 서귀포시 중산간동로 8351 1층 (호근동),제주도에서 으뜸가는 식당입니다! 안 오면 후회하실거에요!,세컨드뮤지오,POINT (126.524605 33.2610627),4.5
349,제주특별자치도 서귀포시 중앙로 183 (서홍동),제주도에서 으뜸가는 식당입니다! 안 오면 후회하실거에요!,동네커피,POINT (126.5590022 33.2608963),4.5
350,제주특별자치도 서귀포시 중앙로 183 1층 (서홍동),제주도에서 으뜸가는 식당입니다! 안 오면 후회하실거에요!,GS25서귀소원점,POINT (126.5590022 33.2608963),4.5
351,제주특별자치도 서귀포시 중산간동로 8434 (서호동),제주도에서 으뜸가는 식당입니다! 안 오면 후회하실거에요!,카페린다,POINT (126.5158302 33.2607771),4.5
352,제주특별자치도 서귀포시 중산간동로 8462-2 (서호동),제주도에서 으뜸가는 식당입니다! 안 오면 후회하실거에요!,친구들,POINT (126.5129522 33.2606345),4.5
353,제주특별자치도 서귀포시 중앙로 180 (동홍동),제주도에서 으뜸가는 식당입니다! 안 오면 후회하실거에요!,조리제안델리,POINT (126.5600101 33.2604879),4.5
354,제주특별자치도 서귀포시 중앙로 180 (동홍동),제주도에서 으뜸가는 식당입니다! 안 오면 후회하실거에요!,고가비,POINT (126.5600101 33.2604879),4.5
355,제주특별자치도 서귀포시 중앙로 180 (동홍동),제주도에서 으뜸가는 식당입니다! 안 오면 후회하실거에요!,조리제안핫델리,POINT (126.5600101 33.2604879),4.5
356,제주특별자치도 서귀포시 중앙로 180 (동홍동),제주도에서 으뜸가는 식당입니다! 안 오면 후회하실거에요!,KFC 서귀포HP,POINT (126.5600101 33.2604879),4.5
357,제주특별자치도 서귀포시 중앙로150번길 32 (동홍동),제주도에서 으뜸가는 식당입니다! 안 오면 후회하실거에요!,단미&CAFE,POINT (126.5620729 33.2602196),4.5
358,제주특별자치도 서귀포시 일주동로 8167-2 (하효동),제주도에서 으뜸가는 식당입니다! 안 오면 후회하실거에요!,갤러리버금(Gallery. 버금),POINT (126.6147254 33.2600096),4.5
359,제주특별자치도 서귀포시 흙담솔로 27-1 (서홍동),제주도에서 으뜸가는 식당입니다! 안 오면 후회하실거에요!,해신분식,POINT (126.5563939 33.2599437),4.5
360,제주특별자치도 서귀포시 과원동로 3 102동 1층 101호 (하효동),제주도에서 으뜸가는 식당입니다! 안 오면 후회하실거에요!,씨유서귀포효돈중앙점,POINT (126.6217794 33.2598416),4.5
361,제주특별자치도 서귀포시 염돈로 123 (강정동),제주도에서 으뜸가는 식당입니다! 안 오면 후회하실거에요!,가람휴게음식편의점,POINT (126.4920702 33.2595265),4.5
362,제주특별자치도 서귀포시 동홍북로 15 (동홍동),제주도에서 으뜸가는 식당입니다! 안 오면 후회하실거에요!,서울삼촌네,POINT (126.5703057 33.2594012),4.5
363,제주특별자치도 서귀포시 중앙로 166 (동홍동),제주도에서 으뜸가는 식당입니다! 안 오면 후회하실거에요!,개다방,POINT (126.5598592 33.2593546),4.5
364,제주특별자치도 서귀포시 동홍북로 74 (동홍동),제주도에서 으뜸가는 식당입니다! 안 오면 후회하실거에요!,헬로방방,POINT (126.5727969 33.259148),4.5
365,제주특별자치도 서귀포시 동홍북로 74 (동홍동),제주도에서 으뜸가는 식당입니다! 안 오면 후회하실거에요!,씨유서귀동홍중앙점,POINT (126.5727969 33.259148),4.5
366,제주특별자치도 서귀포시 동홍북로 24 (동홍동),제주도에서 으뜸가는 식당입니다! 안 오면 후회하실거에요!,똘이분식,POINT (126.5709653 33.259096),4.5
367,제주특별자치도 서귀포시 홍중로 74 4층 (서홍동),제주도에서 으뜸가는 식당입니다! 안 오면 후회하실거에요!,건강나라구내매점,POINT (126.5564347 33.2590931),4.5
368,제주특별자치도 서귀포시 중문상로 36 1층 (중문동),제주도에서 으뜸가는 식당입니다! 안 오면 후회하실거에요!,보나커피,POINT (126.4317649 33.2590924),4.5
369,제주특별자치도 서귀포시 동홍북로 22-1 (동홍동),제주도에서 으뜸가는 식당입니다! 안 오면 후회하실거에요!,씨유서귀동홍북로점,POINT (126.5708484 33.2590901),4.5
370,제주특별자치도 서귀포시 동홍북로 20 (동홍동),제주도에서 으뜸가는 식당입니다! 안 오면 후회하실거에요!,학교종이 땡땡,POINT (126.570472 33.2590705),4.5
371,제주특별자치도 서귀포시 신서귀로 118 (서호동),제주도에서 으뜸가는 식당입니다! 안 오면 후회하실거에요!,도미노피자제주서귀포점,POINT (126.510677 33.2589312),4.5
372,제주특별자치도 서귀포시 안덕면 감산중로 34,제주도에서 으뜸가는 식당입니다! 안 오면 후회하실거에요!,감산휴게마트,POINT (126.3537935 33.2589211),4.5
373,제주특별자치도 서귀포시 신서로98번길 74 지하1층 (서호동),제주도에서 으뜸가는 식당입니다! 안 오면 후회하실거에요!,씨유서귀신북로점,POINT (126.5104348 33.2589085),4.5
374,제주특별자치도 서귀포시 중앙로 159-1 (서홍동),제주도에서 으뜸가는 식당입니다! 안 오면 후회하실거에요!,씨유서홍대로점,POINT (126.5596102 33.258634),4.5
375,제주특별자치도 서귀포시 중앙로150번길 4-1 (동홍동),제주도에서 으뜸가는 식당입니다! 안 오면 후회하실거에요!,서귀고교구내매점,POINT (126.5620424 33.2586063),4.5
376,제주특별자치도 서귀포시 중앙로150번길 4-1 (동홍동),제주도에서 으뜸가는 식당입니다! 안 오면 후회하실거에요!,서귀포학생문화원구내식당,POINT (126.5620424 33.2586063),4.5
377,제주특별자치도 서귀포시 중앙로150번길 4-1 (동홍동),제주도에서 으뜸가는 식당입니다! 안 오면 후회하실거에요!,시카고핫도그,POINT (126.5620424 33.2586063),4.5
378,제주특별자치도 서귀포시 일주서로 982 (색달동),제주도에서 으뜸가는 식당입니다! 안 오면 후회하실거에요!,국수바다본점,POINT (126.4353135 33.2584326),4.5
379,제주특별자치도 서귀포시 일주서로 660 (회수동),제주도에서 으뜸가는 식당입니다! 안 오면 후회하실거에요!,일레인호텔,POINT (126.4353135 33.2584326),4.5
380,제주특별자치도 서귀포시 동홍동로 37 1층 (동홍동),제주도에서 으뜸가는 식당입니다! 안 오면 후회하실거에요!,에브리데이,POINT (126.57472 33.258388),4.5
381,제주특별자치도 서귀포시 중앙로 154 (서홍동),제주도에서 으뜸가는 식당입니다! 안 오면 후회하실거에요!,한아름분식,POINT (126.560288 33.2583344),4.5
382,제주특별자치도 서귀포시 중앙로153번길 4 (서홍동),제주도에서 으뜸가는 식당입니다! 안 오면 후회하실거에요!,달공식당,POINT (126.559628 33.2583322),4.5
383,제주특별자치도 서귀포시 일주서로 962 (색달동),제주도에서 으뜸가는 식당입니다! 안 오면 후회하실거에요!,씨유중문일주서로점,POINT (126.4080818 33.2583289),4.5
384,제주특별자치도 서귀포시 신북로 39 (강정동),제주도에서 으뜸가는 식당입니다! 안 오면 후회하실거에요!,씨유서귀포시청점,POINT (126.5106092 33.2583212),4.5
385,제주특별자치도 서귀포시 동홍로 108 (동홍동),제주도에서 으뜸가는 식당입니다! 안 오면 후회하실거에요!,민트박스,POINT (126.5687386 33.258231),4.5
386,제주특별자치도 서귀포시 동홍로 108 (동홍동),제주도에서 으뜸가는 식당입니다! 안 오면 후회하실거에요!,씨유편의점서귀동홍로점,POINT (126.5687386 33.258231),4.5
387,제주특별자치도 서귀포시 중앙로 90 (서귀동),제주도에서 으뜸가는 식당입니다! 안 오면 후회하실거에요!,이디야커피서귀포점,POINT (126.5749298 33.2582273),4.5
388,제주특별자치도 서귀포시 동홍서로 104-10 (동홍동),제주도에서 으뜸가는 식당입니다! 안 오면 후회하실거에요!,엄블랑,POINT (126.5698153 33.2581442),4.5
389,제주특별자치도 서귀포시 서호남로32번길 39 (서호동),제주도에서 으뜸가는 식당입니다! 안 오면 후회하실거에요!,지중해,POINT (126.5751971 33.2578877),4.5
390,제주특별자치도 서귀포시 색달중앙로 25 1층 (색달동),제주도에서 으뜸가는 식당입니다! 안 오면 후회하실거에요!,세븐일레븐서귀포색달점,POINT (126.4135431 33.2577811),4.5
391,제주특별자치도 서귀포시 하원로 39-2 1층 (하원동),제주도에서 으뜸가는 식당입니다! 안 오면 후회하실거에요!,씨유서귀하원동점,POINT (126.4612598 33.2576406),4.5
392,제주특별자치도 서귀포시 색달중앙로 48 (색달동),제주도에서 으뜸가는 식당입니다! 안 오면 후회하실거에요!,씨유서귀색달동점,POINT (126.4135534 33.2576253),4.5
393,제주특별자치도 서귀포시 홍중동로 4-5 (서홍동),제주도에서 으뜸가는 식당입니다! 안 오면 후회하실거에요!,짱아찌김밥,POINT (126.560127 33.2576185),4.5
394,제주특별자치도 서귀포시 천제연로 21 (색달동),제주도에서 으뜸가는 식당입니다! 안 오면 후회하실거에요!,(Boo coffee)부커피,POINT (126.4085525 33.2575199),4.5
395,제주특별자치도 서귀포시 동홍서로96번길 17 (동홍동),제주도에서 으뜸가는 식당입니다! 안 오면 후회하실거에요!,낭만팥집,POINT (126.5714934 33.2574431),4.5
396,제주특별자치도 서귀포시 호근서호로 153 (호근동),제주도에서 으뜸가는 식당입니다! 안 오면 후회하실거에요!,GS25서귀호근,POINT (126.5246216 33.2572672),4.5
397,제주특별자치도 서귀포시 대청로25번길 4 1층 (강정동 102호),제주도에서 으뜸가는 식당입니다! 안 오면 후회하실거에요!,고봉민김밥인서귀포강정점,POINT (126.5738737 33.2572632),4.5
398,제주특별자치도 서귀포시 대청로25번길 9 101 102호 (강정동),제주도에서 으뜸가는 식당입니다! 안 오면 후회하실거에요!,지에스25강정엘에이치점,POINT (126.5739029 33.2572228),4.5
399,제주특별자치도 서귀포시 동홍남로 69 (동홍동),제주도에서 으뜸가는 식당입니다! 안 오면 후회하실거에요!,김밥천국,POINT (126.5758691 33.2570821),4.5
400,제주특별자치도 서귀포시 동홍남로 37 1층 (동홍동),제주도에서 으뜸가는 식당입니다! 안 오면 후회하실거에요!,카페드숑,POINT (126.5723268 33.2570704),4.5
401,제주특별자치도 서귀포시 동홍남로 31 (동홍동),제주도에서 으뜸가는 식당입니다! 안 오면 후회하실거에요!,메종드카페,POINT (126.5717453 33.2570601),4.5
402,제주특별자치도 서귀포시 동홍남로 67 (동홍동),제주도에서 으뜸가는 식당입니다! 안 오면 후회하실거에요!,피자다오,POINT (126.5756055 33.2570575),4.5
403,제주특별자치도 서귀포시 동홍남로 73 (동홍동),제주도에서 으뜸가는 식당입니다! 안 오면 후회하실거에요!,빨강공주,POINT (126.5762569 33.2570541),4.5
404,제주특별자치도 서귀포시 동홍남로 59 (동홍동),제주도에서 으뜸가는 식당입니다! 안 오면 후회하실거에요!,씨유 서귀포현대점,POINT (126.5747366 33.2570313),4.5
405,제주특별자치도 서귀포시 호근남로 6 (호근동),제주도에서 으뜸가는 식당입니다! 안 오면 후회하실거에요!,차롱밥상,POINT (126.528149 33.2570097),4.5
406,제주특별자치도 서귀포시 동홍남로 81 1층 (동홍동),제주도에서 으뜸가는 식당입니다! 안 오면 후회하실거에요!,효소하우스,POINT (126.5728955 33.2569055),4.5
407,제주특별자치도 서귀포시 동홍중앙로 70 1층 (동홍동),제주도에서 으뜸가는 식당입니다! 안 오면 후회하실거에요!,세븐일레븐서귀포동홍점,POINT (126.572337 33.2567756),4.5
408,제주특별자치도 서귀포시 동홍남로 70 (동홍동),제주도에서 으뜸가는 식당입니다! 안 오면 후회하실거에요!,세븐일레븐서귀포동홍현대점,POINT (126.5758432 33.2567573),4.5
409,제주특별자치도 서귀포시 동홍남로 30 (동홍동),제주도에서 으뜸가는 식당입니다! 안 오면 후회하실거에요!,라르고커피숍,POINT (126.5714318 33.2567149),4.5
410,제주특별자치도 서귀포시 효돈순환로 217-8 (하효동),제주도에서 으뜸가는 식당입니다! 안 오면 후회하실거에요!,하효살롱,POINT (126.6215097 33.2565479),4.5
411,제주특별자치도 서귀포시 안덕면 덕수동로 27,제주도에서 으뜸가는 식당입니다! 안 오면 후회하실거에요!,난드르커피,POINT (126.3109017 33.2564949),4.5
412,제주특별자치도 서귀포시 동홍중앙로 64 (동홍동),제주도에서 으뜸가는 식당입니다! 안 오면 후회하실거에요!,띠아모동홍점,POINT (126.572317 33.2564229),4.5
413,제주특별자치도 서귀포시 예래로 38 (상예동),제주도에서 으뜸가는 식당입니다! 안 오면 후회하실거에요!,지에스25중문버자야,POINT (126.4018105 33.2564051),4.5
414,제주특별자치도 서귀포시 중문로 53 1층 (중문동),제주도에서 으뜸가는 식당입니다! 안 오면 후회하실거에요!,지에스25중문희망점,POINT (126.4256818 33.2563117),4.5
415,제주특별자치도 서귀포시 안덕면 일주서로 1499 1층,제주도에서 으뜸가는 식당입니다! 안 오면 후회하실거에요!,씨유서귀감산리점,POINT (126.3351463 33.2562006),4.5
416,제주특별자치도 서귀포시 중문관광로 23-1 (색달동 지하1층),제주도에서 으뜸가는 식당입니다! 안 오면 후회하실거에요!,아리아호텔,POINT (126.414906 33.256118),4.5
417,제주특별자치도 서귀포시 장수로 47 (동홍동),제주도에서 으뜸가는 식당입니다! 안 오면 후회하실거에요!,씨유서귀포의료원점,POINT (126.5630644 33.2560963),4.5
418,제주특별자치도 서귀포시 장수로 47 1층 (동홍동),제주도에서 으뜸가는 식당입니다! 안 오면 후회하실거에요!,카페베네서귀포의료원점,POINT (126.5630644 33.2560963),4.5
419,제주특별자치도 서귀포시 동홍중앙로 58-1 1층 (동홍동),제주도에서 으뜸가는 식당입니다! 안 오면 후회하실거에요!,씨유서귀동홍대림점,POINT (126.5723584 33.2560492),4.5
420,제주특별자치도 서귀포시 신서귀로76번길 5 (서호동),제주도에서 으뜸가는 식당입니다! 안 오면 후회하실거에요!,영애분식,POINT (126.5122426 33.2559647),4.5
421,제주특별자치도 서귀포시 예래해안로 550 1층 (상예동),제주도에서 으뜸가는 식당입니다! 안 오면 후회하실거에요!,씨유서귀예래해안로점,POINT (126.4018824 33.2555528),4.5
422,제주특별자치도 서귀포시 중문관광로 29 (색달동),제주도에서 으뜸가는 식당입니다! 안 오면 후회하실거에요!,갈치카페,POINT (126.4150466 33.2555211),4.5
423,제주특별자치도 서귀포시 일주동로 8668 (동홍동),제주도에서 으뜸가는 식당입니다! 안 오면 후회하실거에요!,엔제리너스 서귀포시청DI점,POINT (126.5686054 33.255487),4.5
424,제주특별자치도 서귀포시 일주동로 8806 (서홍동),제주도에서 으뜸가는 식당입니다! 안 오면 후회하실거에요!,참좋은슈퍼분식,POINT (126.5686054 33.255487),4.5
425,제주특별자치도 서귀포시 일주동로 8777 (서홍동),제주도에서 으뜸가는 식당입니다! 안 오면 후회하실거에요!,에코소랑꼬라지오꿈앤카페,POINT (126.5686054 33.255487),4.5
426,제주특별자치도 서귀포시 일주동로 8717 1층 (서귀동),제주도에서 으뜸가는 식당입니다! 안 오면 후회하실거에요!,엘에이만화카페,POINT (126.5686054 33.255487),4.5
427,제주특별자치도 서귀포시 일주동로 8565 105동 1층 (동홍동),제주도에서 으뜸가는 식당입니다! 안 오면 후회하실거에요!,씨유서귀코아루점,POINT (126.5686054 33.255487),4.5
428,제주특별자치도 서귀포시 동홍중앙로52번길 14-1 (동홍동),제주도에서 으뜸가는 식당입니다! 안 오면 후회하실거에요!,어린이나라방방,POINT (126.5736765 33.2551726),4.5
429,제주특별자치도 서귀포시 홍중로27번길 4 1층 103호 (서홍동 파크하임 3차),제주도에서 으뜸가는 식당입니다! 안 오면 후회하실거에요!,겹겹의 의도,POINT (126.5578678 33.2551463),4.5
430,제주특별자치도 서귀포시 동홍중앙로 50 1층 (동홍동),제주도에서 으뜸가는 식당입니다! 안 오면 후회하실거에요!,GS25서귀동홍점,POINT (126.5723055 33.2550803),4.5
431,제주특별자치도 서귀포시 동홍중앙로 49 5층 (동홍동 프라미스빌딩),제주도에서 으뜸가는 식당입니다! 안 오면 후회하실거에요!,콩툰동홍점,POINT (126.5719328 33.2550336),4.5
432,제주특별자치도 서귀포시 신중로 6 1층 (강정동),제주도에서 으뜸가는 식당입니다! 안 오면 후회하실거에요!,7번가피자신서귀점,POINT (126.5085509 33.2550279),4.5
433,제주특별자치도 서귀포시 천제연로213번길 44 1층 (중문동),제주도에서 으뜸가는 식당입니다! 안 오면 후회하실거에요!,씨유제주중문오네뜨점,POINT (126.428374 33.2550042),4.5
434,제주특별자치도 서귀포시 천제연로 95 1~2층 (색달동),제주도에서 으뜸가는 식당입니다! 안 오면 후회하실거에요!,스타벅스 제주중문DT,POINT (126.4159059 33.2549983),4.5
435,제주특별자치도 서귀포시 중문관광로 42 1층 (색달동),제주도에서 으뜸가는 식당입니다! 안 오면 후회하실거에요!,이디야커피제주중문점,POINT (126.4087187 33.2549224),4.5
436,제주특별자치도 서귀포시 중문관광로 38 (색달동),제주도에서 으뜸가는 식당입니다! 안 오면 후회하실거에요!,한국맥도날드(유)제주중문DT점,POINT (126.4136132 33.2548555),4.5
437,제주특별자치도 서귀포시 신서귀로 66 (서호동),제주도에서 으뜸가는 식당입니다! 안 오면 후회하실거에요!,씨유혁신도시점,POINT (126.5122178 33.2547004),4.5
438,제주특별자치도 서귀포시 중앙로 199 1층 1호 (서홍동 서강파인힐),제주도에서 으뜸가는 식당입니다! 안 오면 후회하실거에요!,세븐일레븐서귀포시서강파인힐점,POINT (126.5610815 33.2546735),4.5
439,제주특별자치도 서귀포시 안덕면 일주서로 1611,제주도에서 으뜸가는 식당입니다! 안 오면 후회하실거에요!,더클라이막스,POINT (126.3467011 33.2546582),4.5
440,제주특별자치도 서귀포시 신서귀로97번길 45 1층 (강정동),제주도에서 으뜸가는 식당입니다! 안 오면 후회하실거에요!,GS25신서귀포점,POINT (126.5072614 33.2545653),4.5
441,제주특별자치도 서귀포시 일주동로 8541 (동홍동),제주도에서 으뜸가는 식당입니다! 안 오면 후회하실거에요!,커피볶는집브엘세바,POINT (126.5757341 33.2545552),4.5
442,제주특별자치도 서귀포시 중문로 29-1 1층 (중문동),제주도에서 으뜸가는 식당입니다! 안 오면 후회하실거에요!,씨유제주중문마을점,POINT (126.4242596 33.2545374),4.5
443,제주특별자치도 서귀포시 천제연로 115 (색달동),제주도에서 으뜸가는 식당입니다! 안 오면 후회하실거에요!,중문해물라면 오빠네,POINT (126.4178578 33.2545255),4.5
444,제주특별자치도 서귀포시 서호중로 65 1층 (서호동 라마다앙코르이스트호텔),제주도에서 으뜸가는 식당입니다! 안 오면 후회하실거에요!,테이크어반제주테라스(Take Urban Jeju terrace),POINT (126.5173832 33.2545187),4.5
445,제주특별자치도 서귀포시 일주동로 8545 (동홍동),제주도에서 으뜸가는 식당입니다! 안 오면 후회하실거에요!,골든큐클럽,POINT (126.5753237 33.2545135),4.5
446,제주특별자치도 서귀포시 솜반천로 8 (서홍동),제주도에서 으뜸가는 식당입니다! 안 오면 후회하실거에요!,콩,POINT (126.5600314 33.2544185),4.5
447,제주특별자치도 서귀포시 남성중로 135 1층 (서홍동),제주도에서 으뜸가는 식당입니다! 안 오면 후회하실거에요!,해모루,POINT (126.553507 33.2542585),4.5
448,제주특별자치도 서귀포시 쇠소깍로 100 (하효동),제주도에서 으뜸가는 식당입니다! 안 오면 후회하실거에요!,메이슨커피하우스,POINT (126.6213171 33.254188),4.5
449,제주특별자치도 서귀포시 쇠소깍로 209 (하효동),제주도에서 으뜸가는 식당입니다! 안 오면 후회하실거에요!,카페바라기,POINT (126.6213171 33.254188),4.5
450,제주특별자치도 서귀포시 쇠소깍로 100 (하효동),제주도에서 으뜸가는 식당입니다! 안 오면 후회하실거에요!,쇠소깍랜드,POINT (126.6213171 33.254188),4.5
451,제주특별자치도 서귀포시 쇠소깍로 164 (하효동),제주도에서 으뜸가는 식당입니다! 안 오면 후회하실거에요!,리치망고 쇠소깍점,POINT (126.6213171 33.254188),4.5
452,제주특별자치도 서귀포시 쇠소깍로 122 (하효동),제주도에서 으뜸가는 식당입니다! 안 오면 후회하실거에요!,쇠소깍탐앤탐스제주점,POINT (126.6213171 33.254188),4.5
453,제주특별자치도 서귀포시 쇠소깍로 156 2층 (하효동),제주도에서 으뜸가는 식당입니다! 안 오면 후회하실거에요!,미어,POINT (126.6213171 33.254188),4.5
454,제주특별자치도 서귀포시 서호중로 19 1층 (서호동),제주도에서 으뜸가는 식당입니다! 안 오면 후회하실거에요!,이어도,POINT (126.560076 33.2541205),4.5
455,제주특별자치도 서귀포시 대청로 33 101호 (강정동 오름강정웨스트상가),제주도에서 으뜸가는 식당입니다! 안 오면 후회하실거에요!,지에스25서귀혁신점,POINT (126.560076 33.2541205),4.5
456,제주특별자치도 서귀포시 대청로 39 2층 (강정동),제주도에서 으뜸가는 식당입니다! 안 오면 후회하실거에요!,더커피브루,POINT (126.560076 33.2541205),4.5
457,제주특별자치도 서귀포시 대청로 39 2층 202호 (강정동),제주도에서 으뜸가는 식당입니다! 안 오면 후회하실거에요!,맘스터치신서귀포점,POINT (126.560076 33.2541205),4.5
458,제주특별자치도 서귀포시 서호남로32번길 24 1층 (서호동),제주도에서 으뜸가는 식당입니다! 안 오면 후회하실거에요!,메종드카페(신서귀포),POINT (126.560076 33.2541205),4.5
459,제주특별자치도 서귀포시 대청로 37 1층 104호 (강정동 세종안채오피스텔),제주도에서 으뜸가는 식당입니다! 안 오면 후회하실거에요!,뷰티타임,POINT (126.560076 33.2541205),4.5
460,제주특별자치도 서귀포시 대청로 34 1층 107호 (강정동 제주강정유승한내들퍼스트오션상가동),제주도에서 으뜸가는 식당입니다! 안 오면 후회하실거에요!,메가커피제주혁신도시점,POINT (126.560076 33.2541205),4.5
461,제주특별자치도 서귀포시 중산간동로 7936 (동홍동),제주도에서 으뜸가는 식당입니다! 안 오면 후회하실거에요!,씨유서귀남고사거리점,POINT (126.560076 33.2541205),4.5
462,제주특별자치도 서귀포시 대청로25번길 4 4층 (강정동),제주도에서 으뜸가는 식당입니다! 안 오면 후회하실거에요!,놀숲서귀포신시가지점,POINT (126.560076 33.2541205),4.5
463,제주특별자치도 서귀포시 중앙로 105 별관 1층 (서홍동),제주도에서 으뜸가는 식당입니다! 안 오면 후회하실거에요!,바끄레카페,POINT (126.5601945 33.2540922),4.5
464,제주특별자치도 서귀포시 서호호근로 77 1층 (서호동),제주도에서 으뜸가는 식당입니다! 안 오면 후회하실거에요!,카페 공감각,POINT (126.5241674 33.2540891),4.5
465,제주특별자치도 서귀포시 홍중로 12 1층 (서홍동),제주도에서 으뜸가는 식당입니다! 안 오면 후회하실거에요!,세븐일레븐서귀포시청점,POINT (126.5590945 33.2540281),4.5
466,제주특별자치도 서귀포시 일주동로 8650 (동홍동),제주도에서 으뜸가는 식당입니다! 안 오면 후회하실거에요!,서귀포 피자클래스,POINT (126.5642069 33.2540178),4.5
467,제주특별자치도 서귀포시 홍중로27번길 3 (서홍동),제주도에서 으뜸가는 식당입니다! 안 오면 후회하실거에요!,라플레르앤카페,POINT (126.5576967 33.2538045),4.5
468,제주특별자치도 서귀포시 중앙로 102 (동홍동),제주도에서 으뜸가는 식당입니다! 안 오면 후회하실거에요!,난타5000서귀포시청점,POINT (126.5614624 33.2537273),4.5
469,제주특별자치도 서귀포시 중앙로 14 (서귀동),제주도에서 으뜸가는 식당입니다! 안 오면 후회하실거에요!,파스구찌 제주오션펠리스점,POINT (126.5614624 33.2537273),4.5
470,제주특별자치도 서귀포시 중앙로 14 102호 (서귀동),제주도에서 으뜸가는 식당입니다! 안 오면 후회하실거에요!,세븐일레븐서귀포오션팰리스점,POINT (126.5614624 33.2537273),4.5
471,제주특별자치도 서귀포시 일주서로 532 (대포동),제주도에서 으뜸가는 식당입니다! 안 오면 후회하실거에요!,(주)제주뮤지엄,POINT (126.452211 33.2536948),4.5
472,제주특별자치도 서귀포시 홍중로 8 (서홍동),제주도에서 으뜸가는 식당입니다! 안 오면 후회하실거에요!,운송,POINT (126.5592132 33.2536625),4.5
473,제주특별자치도 서귀포시 신서로48번길 31 1층 (강정동),제주도에서 으뜸가는 식당입니다! 안 오면 후회하실거에요!,머니까페,POINT (126.5087211 33.2536595),4.5
474,제주특별자치도 서귀포시 성산읍 한도로 257 1층,제주도에서 으뜸가는 식당입니다! 안 오면 후회하실거에요!,하논바람,POINT (126.545814 33.2536583),4.5
475,제주특별자치도 서귀포시 중앙로101번길 1 (서홍동),제주도에서 으뜸가는 식당입니다! 안 오면 후회하실거에요!,씨유서귀포예일점,POINT (126.5607446 33.2536568),4.5
476,제주특별자치도 서귀포시 일주동로 8674-1 (동홍동),제주도에서 으뜸가는 식당입니다! 안 오면 후회하실거에요!,베스킨라빈스,POINT (126.5617052 33.2535777),4.5
477,제주특별자치도 서귀포시 중앙로 99 (서홍동),제주도에서 으뜸가는 식당입니다! 안 오면 후회하실거에요!,빽다방서귀포시청점,POINT (126.5606367 33.2535591),4.5
478,제주특별자치도 서귀포시 신서로32번길 10 (강정동),제주도에서 으뜸가는 식당입니다! 안 오면 후회하실거에요!,지에스25김정문화점,POINT (126.5058435 33.2534474),4.5
479,제주특별자치도 서귀포시 일주동로 8678 1층 (동홍동),제주도에서 으뜸가는 식당입니다! 안 오면 후회하실거에요!,지에스25서귀광장점,POINT (126.5613107 33.2534226),4.5
480,제주특별자치도 서귀포시 안덕면 일주서로 1613-54 1층,제주도에서 으뜸가는 식당입니다! 안 오면 후회하실거에요!,더온,POINT (126.3431685 33.2534102),4.5
481,제주특별자치도 서귀포시 중앙로101번길 13-2 (서홍동),제주도에서 으뜸가는 식당입니다! 안 오면 후회하실거에요!,러브파이,POINT (126.5593495 33.2533972),4.5
482,제주특별자치도 서귀포시 중앙로101번길 13-2 (서홍동),제주도에서 으뜸가는 식당입니다! 안 오면 후회하실거에요!,우리집,POINT (126.5593495 33.2533972),4.5
483,제주특별자치도 서귀포시 일주서로 626 1층 (회수동),제주도에서 으뜸가는 식당입니다! 안 오면 후회하실거에요!,볼스프로덕션,POINT (126.4426193 33.2533658),4.5
484,제주특별자치도 서귀포시 동홍중앙로 29 (동홍동),제주도에서 으뜸가는 식당입니다! 안 오면 후회하실거에요!,내입속의김밥,POINT (126.5717372 33.2532723),4.5
485,제주특별자치도 서귀포시 일주서로 7 1 2층 (강정동),제주도에서 으뜸가는 식당입니다! 안 오면 후회하실거에요!,한국맥도날드(유)제주월드컵스타디움DT점,POINT (126.473267 33.2532617),4.5
486,제주특별자치도 서귀포시 천제연로 194 (중문동),제주도에서 으뜸가는 식당입니다! 안 오면 후회하실거에요!,제주몽,POINT (126.4272791 33.2532184),4.5
487,제주특별자치도 서귀포시 일주동로 8665 (서귀동),제주도에서 으뜸가는 식당입니다! 안 오면 후회하실거에요!,한국맥도날드(유) 서귀포DT점,POINT (126.5627164 33.2532159),4.5
488,제주특별자치도 서귀포시 일주서로 11 1 2층 (강정동),제주도에서 으뜸가는 식당입니다! 안 오면 후회하실거에요!,스타벅스서귀포DT,POINT (126.4726051 33.2531869),4.5
489,제주특별자치도 서귀포시 홍중로27번길 1 1층 (서홍동),제주도에서 으뜸가는 식당입니다! 안 오면 후회하실거에요!,씨유서귀홍중로점,POINT (126.5578865 33.2530944),4.5
490,제주특별자치도 서귀포시 일주동로 8671 (서귀동),제주도에서 으뜸가는 식당입니다! 안 오면 후회하실거에요!,테라스,POINT (126.5621299 33.2530741),4.5
491,제주특별자치도 서귀포시 안덕면 덕수회관로 14 1층,제주도에서 으뜸가는 식당입니다! 안 오면 후회하실거에요!,앤드,POINT (126.3150833 33.2529814),4.5
492,제주특별자치도 서귀포시 태평로 551 상가동 102 103호 (동홍동),제주도에서 으뜸가는 식당입니다! 안 오면 후회하실거에요!,씨유서귀포세기점,POINT (126.5755013 33.2528972),4.5
493,제주특별자치도 서귀포시 신서로48번길 52-11 1층 (법환동),제주도에서 으뜸가는 식당입니다! 안 오면 후회하실거에요!,지에스25서귀신시가지점,POINT (126.5102317 33.2528563),4.5
494,제주특별자치도 서귀포시 중앙로 92 (서귀동),제주도에서 으뜸가는 식당입니다! 안 오면 후회하실거에요!,이삭토스트2호점,POINT (126.561642 33.2528512),4.5
495,제주특별자치도 서귀포시 중앙로 92 1층 (서귀동),제주도에서 으뜸가는 식당입니다! 안 오면 후회하실거에요!,더리터중앙점,POINT (126.561642 33.2528512),4.5
496,제주특별자치도 서귀포시 일주동로 8712 1층 (서홍동),제주도에서 으뜸가는 식당입니다! 안 오면 후회하실거에요!,비빔머꾸제비머꾸,POINT (126.5577149 33.2528319),4.5
497,제주특별자치도 서귀포시 일주동로 8718 (서홍동),제주도에서 으뜸가는 식당입니다! 안 오면 후회하실거에요!,하늘정원,POINT (126.557077 33.2527271),4.5
498,제주특별자치도 서귀포시 태평로537번길 49 (동홍동),제주도에서 으뜸가는 식당입니다! 안 오면 후회하실거에요!,코마분식,POINT (126.570047 33.2526876),4.5
499,제주특별자치도 서귀포시 태평로537번길 49 (동홍동),제주도에서 으뜸가는 식당입니다! 안 오면 후회하실거에요!,코리아치킨,POINT (126.570047 33.2526876),4.5
500,제주특별자치도 서귀포시 천제연로 132 (중문동),제주도에서 으뜸가는 식당입니다! 안 오면 후회하실거에요!,놀멍쉬멍카페테리아,POINT (126.4184383 33.2526783),4.5
501,제주특별자치도 서귀포시 천제연로 132 (중문동),제주도에서 으뜸가는 식당입니다! 안 오면 후회하실거에요!,천제 푸드트럭,POINT (126.4184383 33.2526783),4.5
502,제주특별자치도 서귀포시 천제연로 132 (중문동),제주도에서 으뜸가는 식당입니다! 안 오면 후회하실거에요!,중문푸드트럭,POINT (126.4184383 33.2526783),4.5
503,제주특별자치도 서귀포시 일주동로 8697 (서귀동),제주도에서 으뜸가는 식당입니다! 안 오면 후회하실거에요!,제주한라찐빵,POINT (126.5594043 33.2526756),4.5
504,제주특별자치도 서귀포시 일주동로 8697 (서귀동),제주도에서 으뜸가는 식당입니다! 안 오면 후회하실거에요!,즐겨찾기,POINT (126.5594043 33.2526756),4.5
505,제주특별자치도 서귀포시 중문관광로 93 (색달동),제주도에서 으뜸가는 식당입니다! 안 오면 후회하실거에요!,더블룸,POINT (126.4146465 33.2526607),4.5
506,제주특별자치도 서귀포시 대청로 43 지하1층 (강정동),제주도에서 으뜸가는 식당입니다! 안 오면 후회하실거에요!,배스킨라빈스서귀포혁신점,POINT (126.5045616 33.2526495),4.5
507,제주특별자치도 서귀포시 대청로 43 지하1층 (강정동),제주도에서 으뜸가는 식당입니다! 안 오면 후회하실거에요!,부자김밥,POINT (126.5045616 33.2526495),4.5
508,제주특별자치도 서귀포시 대청로 43 지하1층 (강정동),제주도에서 으뜸가는 식당입니다! 안 오면 후회하실거에요!,탐라220도씨피자 피자투어,POINT (126.5045616 33.2526495),4.5
509,제주특별자치도 서귀포시 대청로 43 1층 (강정동),제주도에서 으뜸가는 식당입니다! 안 오면 후회하실거에요!,소담수제만두,POINT (126.5045616 33.2526495),4.5
510,제주특별자치도 서귀포시 중앙로 88 (서귀동),제주도에서 으뜸가는 식당입니다! 안 오면 후회하실거에요!,던킨도너츠제주서귀포점,POINT (126.5616863 33.2526399),4.5
511,제주특별자치도 서귀포시 중문상로 45 (중문동),제주도에서 으뜸가는 식당입니다! 안 오면 후회하실거에요!,세븐일레븐서귀포중문상로점,POINT (126.4256292 33.2525424),4.5
512,제주특별자치도 서귀포시 일주동로 8709 (서귀동),제주도에서 으뜸가는 식당입니다! 안 오면 후회하실거에요!,씨유서귀걸매점,POINT (126.5581079 33.2524884),4.5
513,제주특별자치도 서귀포시 신서로48번길 66 (서호동),제주도에서 으뜸가는 식당입니다! 안 오면 후회하실거에요!,비브레이브,POINT (126.5118522 33.2524682),4.5
514,제주특별자치도 서귀포시 일주동로 8738 (서홍동),제주도에서 으뜸가는 식당입니다! 안 오면 후회하실거에요!,씨유서귀선반네점,POINT (126.5549436 33.2524102),4.5
515,제주특별자치도 서귀포시 중문상로 43 (중문동),제주도에서 으뜸가는 식당입니다! 안 오면 후회하실거에요!,빈스와플,POINT (126.4255663 33.2523991),4.5
516,제주특별자치도 서귀포시 중앙로89번길 14 (서귀동),제주도에서 으뜸가는 식당입니다! 안 오면 후회하실거에요!,지금 여기,POINT (126.5591487 33.2523634),4.5
517,제주특별자치도 서귀포시 천제연로 154-1 (중문동),제주도에서 으뜸가는 식당입니다! 안 오면 후회하실거에요!,킹마트분식,POINT (126.4212458 33.2523615),4.5
518,제주특별자치도 서귀포시 신서귀로 35 (법환동 신시가지점),제주도에서 으뜸가는 식당입니다! 안 오면 후회하실거에요!,못난이찹쌀꽈배기신시가지점,POINT (126.5107549 33.2522495),4.5
519,제주특별자치도 서귀포시 쇠소깍로 128 (하효동),제주도에서 으뜸가는 식당입니다! 안 오면 후회하실거에요!,쇠소깍휴게소,POINT (126.6231188 33.2522055),4.5
520,제주특별자치도 서귀포시 쇠소깍로 128 (하효동),제주도에서 으뜸가는 식당입니다! 안 오면 후회하실거에요!,던킨도너츠제주쇠소깍점,POINT (126.6231188 33.2522055),4.5
521,제주특별자치도 서귀포시 중앙로 85 (서귀동),제주도에서 으뜸가는 식당입니다! 안 오면 후회하실거에요!,씨유서귀포광장점,POINT (126.5610081 33.2521803),4.5
522,제주특별자치도 서귀포시 중앙로89번길 15 (서귀동),제주도에서 으뜸가는 식당입니다! 안 오면 후회하실거에요!,소요유,POINT (126.558983 33.2521271),4.5
523,제주특별자치도 서귀포시 서문로 5 (서귀동),제주도에서 으뜸가는 식당입니다! 안 오면 후회하실거에요!,김밥명가,POINT (126.5605933 33.2520222),4.5
524,제주특별자치도 서귀포시 중앙로 82 (서귀동),제주도에서 으뜸가는 식당입니다! 안 오면 후회하실거에요!,옹기종기,POINT (126.5614595 33.2519394),4.5
525,제주특별자치도 서귀포시 문부로 8 (동홍동),제주도에서 으뜸가는 식당입니다! 안 오면 후회하실거에요!,가가멜,POINT (126.5688123 33.2519359),4.5
526,제주특별자치도 서귀포시 중앙로 81 (서귀동),제주도에서 으뜸가는 식당입니다! 안 오면 후회하실거에요!,토르토니서귀포점,POINT (126.5609974 33.2519142),4.5
527,제주특별자치도 서귀포시 중앙로 81 (서귀동),제주도에서 으뜸가는 식당입니다! 안 오면 후회하실거에요!,아이비스PC,POINT (126.5609974 33.2519142),4.5
528,제주특별자치도 서귀포시 천제연로 168 1층 (중문동),제주도에서 으뜸가는 식당입니다! 안 오면 후회하실거에요!,씨유제주중문길점,POINT (126.422666 33.2518512),4.5
529,제주특별자치도 서귀포시 정방연로 47-1 (토평동),제주도에서 으뜸가는 식당입니다! 안 오면 후회하실거에요!,씨유서귀정방연로점,POINT (126.5765897 33.2518196),4.5
530,제주특별자치도 서귀포시 중문상로 38 (중문동),제주도에서 으뜸가는 식당입니다! 안 오면 후회하실거에요!,씨유제주중문점,POINT (126.4257669 33.2518048),4.5
531,제주특별자치도 서귀포시 천제연로 172 (중문동),제주도에서 으뜸가는 식당입니다! 안 오면 후회하실거에요!,안녕좋은하루카페,POINT (126.4230306 33.2516854),4.5
532,제주특별자치도 서귀포시 천제연로 215 (중문동),제주도에서 으뜸가는 식당입니다! 안 오면 후회하실거에요!,세븐일레븐서귀포중문점,POINT (126.4277461 33.2516541),4.5
533,제주특별자치도 서귀포시 천제연로 186-1 (중문동),제주도에서 으뜸가는 식당입니다! 안 오면 후회하실거에요!,나성청보리빵수두리보말칼국수,POINT (126.4246163 33.2516397),4.5
534,제주특별자치도 서귀포시 천제연로 313 (회수동),제주도에서 으뜸가는 식당입니다! 안 오면 후회하실거에요!,연홍,POINT (126.4380802 33.2516184),4.5
535,제주특별자치도 서귀포시 천제연로 182 1층 (중문동),제주도에서 으뜸가는 식당입니다! 안 오면 후회하실거에요!,못난이찹쌀꽈배기3호점,POINT (126.4240302 33.2515944),4.5
536,제주특별자치도 서귀포시 천제연로 192-1 (중문동),제주도에서 으뜸가는 식당입니다! 안 오면 후회하실거에요!,김밥형님볶이아우,POINT (126.4252213 33.2515942),4.5
537,제주특별자치도 서귀포시 중앙로 77 (서귀동),제주도에서 으뜸가는 식당입니다! 안 오면 후회하실거에요!,짱스낵,POINT (126.5610812 33.2515834),4.5
538,제주특별자치도 서귀포시 태평로 534 (동홍동),제주도에서 으뜸가는 식당입니다! 안 오면 후회하실거에요!,씨유삼아점,POINT (126.5743359 33.2515738),4.5
539,제주특별자치도 서귀포시 천제연로 182-1 (중문동),제주도에서 으뜸가는 식당입니다! 안 오면 후회하실거에요!,배스킨라빈스중문점,POINT (126.424194 33.2515559),4.5
540,제주특별자치도 서귀포시 천제연로 216 1층 (중문동),제주도에서 으뜸가는 식당입니다! 안 오면 후회하실거에요!,초사랑,POINT (126.4277315 33.2513951),4.5
541,제주특별자치도 서귀포시 중정로91번길 57-6 (서귀동),제주도에서 으뜸가는 식당입니다! 안 오면 후회하실거에요!,씨유 서귀포올레시장점,POINT (126.5616292 33.2513427),4.5
542,제주특별자치도 서귀포시 안덕면 일주서로 1723,제주도에서 으뜸가는 식당입니다! 안 오면 후회하실거에요!,씨유제주안덕큰길점,POINT (126.333662 33.2512799),4.5
543,제주특별자치도 서귀포시 김정문화로 32 (강정동),제주도에서 으뜸가는 식당입니다! 안 오면 후회하실거에요!,중앙도서관구내식당,POINT (126.508187 33.2511819),4.5
544,제주특별자치도 서귀포시 김정문화로 51 제이에스밸류호텔 B동 지하1층 101호 (법환동),제주도에서 으뜸가는 식당입니다! 안 오면 후회하실거에요!,세븐일레븐밸류호텔점,POINT (126.5095568 33.2511409),4.5
545,제주특별자치도 서귀포시 중문관광로110번길 32 (색달동),제주도에서 으뜸가는 식당입니다! 안 오면 후회하실거에요!,스타벅스커피 제주중문점,POINT (126.4127629 33.2510796),4.5
546,제주특별자치도 서귀포시 중문관광로110번길 32 (색달동),제주도에서 으뜸가는 식당입니다! 안 오면 후회하실거에요!,GS25중문단지점,POINT (126.4127629 33.2510796),4.5
547,제주특별자치도 서귀포시 동홍로 29 (서귀동),제주도에서 으뜸가는 식당입니다! 안 오면 후회하실거에요!,씨유서귀동홍시민점,POINT (126.5676324 33.2510522),4.5
548,제주특별자치도 서귀포시 천제연로 278 1층 (중문동),제주도에서 으뜸가는 식당입니다! 안 오면 후회하실거에요!,7번가피자중문점,POINT (126.4343542 33.250981),4.5
549,제주특별자치도 서귀포시 신서귀로97번길 84 (강정동),제주도에서 으뜸가는 식당입니다! 안 오면 후회하실거에요!,씨유서귀포강정점,POINT (126.5050459 33.2509458),4.5
550,제주특별자치도 서귀포시 중앙로72번길 4 (서귀동),제주도에서 으뜸가는 식당입니다! 안 오면 후회하실거에요!,연다방,POINT (126.5617087 33.2508775),4.5
551,제주특별자치도 서귀포시 동문로 30 (서귀동),제주도에서 으뜸가는 식당입니다! 안 오면 후회하실거에요!,금잔듸다방,POINT (126.5640907 33.2508239),4.5
552,제주특별자치도 서귀포시 천제연로 242 (중문동),제주도에서 으뜸가는 식당입니다! 안 오면 후회하실거에요!,네오치킨중문점,POINT (126.430737 33.2507993),4.5
553,제주특별자치도 서귀포시 천제연로 242 2층 (중문동),제주도에서 으뜸가는 식당입니다! 안 오면 후회하실거에요!,쥬씨중문점,POINT (126.430737 33.2507993),4.5
554,제주특별자치도 서귀포시 중앙로 69 1층 (서귀동),제주도에서 으뜸가는 식당입니다! 안 오면 후회하실거에요!,맘스터치 서귀중앙점,POINT (126.5611784 33.2507586),4.5
555,제주특별자치도 서귀포시 대정읍 노을해안로 5 1층,제주도에서 으뜸가는 식당입니다! 안 오면 후회하실거에요!,세븐일레븐대정로드점,POINT (126.1986987 33.2507422),4.5
556,제주특별자치도 서귀포시 중정로91번길 39 (서귀동),제주도에서 으뜸가는 식당입니다! 안 오면 후회하실거에요!,피서지다방,POINT (126.5630881 33.2507131),4.5
557,제주특별자치도 서귀포시 중앙로72번길 8-9 (서귀동),제주도에서 으뜸가는 식당입니다! 안 오면 후회하실거에요!,중앙분식삼춘냉면,POINT (126.5622388 33.2506825),4.5
558,제주특별자치도 서귀포시 태평로 509 2층 209호 (동홍동 제이원타워),제주도에서 으뜸가는 식당입니다! 안 오면 후회하실거에요!,요거프레소제주동홍점,POINT (126.5720227 33.2505672),4.5
559,제주특별자치도 서귀포시 태평로 509 1층 101호 (동홍동),제주도에서 으뜸가는 식당입니다! 안 오면 후회하실거에요!,지에스25동홍중앙점,POINT (126.5720227 33.2505672),4.5
560,제주특별자치도 서귀포시 태평로512번길 1-4 101호 (동홍동),제주도에서 으뜸가는 식당입니다! 안 오면 후회하실거에요!,맛짱김밥,POINT (126.5727622 33.2505549),4.5
561,제주특별자치도 서귀포시 태평로512번길 1-4 1층 (동홍동),제주도에서 으뜸가는 식당입니다! 안 오면 후회하실거에요!,CU서귀포가온점,POINT (126.5727622 33.2505549),4.5
562,제주특별자치도 서귀포시 쇠소깍로 151-8 (하효동),제주도에서 으뜸가는 식당입니다! 안 오면 후회하실거에요!,GS25쇠소깍점,POINT (126.6209111 33.2505248),4.5
563,제주특별자치도 서귀포시 쇠소깍로 151-8 2층 (하효동),제주도에서 으뜸가는 식당입니다! 안 오면 후회하실거에요!,빅스테이크,POINT (126.6209111 33.2505248),4.5
564,제주특별자치도 서귀포시 중앙로 65 (서귀동),제주도에서 으뜸가는 식당입니다! 안 오면 후회하실거에요!,마녀닭강정&치킨,POINT (126.5612967 33.2504823),4.5
565,제주특별자치도 서귀포시 천제연로 208 (중문동),제주도에서 으뜸가는 식당입니다! 안 오면 후회하실거에요!,큰손왕만두중문점,POINT (126.4268356 33.2504744),4.5
566,제주특별자치도 서귀포시 성산읍 한도로 257 1층,제주도에서 으뜸가는 식당입니다! 안 오면 후회하실거에요!,씨유제주안성점,POINT (126.2842402 33.2504491),4.5
567,제주특별자치도 서귀포시 동홍로 19 (서귀동),제주도에서 으뜸가는 식당입니다! 안 오면 후회하실거에요!,제주인화찐빵,POINT (126.5676971 33.2504381),4.5
568,제주특별자치도 서귀포시 중앙로 66 1층 (서귀동),제주도에서 으뜸가는 식당입니다! 안 오면 후회하실거에요!,케이크를부탁해서귀포점,POINT (126.5616535 33.2503809),4.5
569,제주특별자치도 서귀포시 김정문화로 66 (법환동),제주도에서 으뜸가는 식당입니다! 안 오면 후회하실거에요!,시끌벅적분식,POINT (126.5114684 33.2503593),4.5
570,제주특별자치도 서귀포시 동홍로 20 (서귀동),제주도에서 으뜸가는 식당입니다! 안 오면 후회하실거에요!,슈가얌,POINT (126.5681351 33.2503593),4.5
571,제주특별자치도 서귀포시 김정문화로 64 (법환동),제주도에서 으뜸가는 식당입니다! 안 오면 후회하실거에요!,복음이네김밥만두,POINT (126.5114684 33.2503593),4.5
572,제주특별자치도 서귀포시 중앙로62번길 11 (서귀동),제주도에서 으뜸가는 식당입니다! 안 오면 후회하실거에요!,외인다방,POINT (126.5625661 33.25035),4.5
573,제주특별자치도 서귀포시 태평로512번길 4 (동홍동),제주도에서 으뜸가는 식당입니다! 안 오면 후회하실거에요!,난타5000동홍점,POINT (126.5725264 33.2503412),4.5
574,제주특별자치도 서귀포시 중앙로72번길 8-19 1층 (서귀동),제주도에서 으뜸가는 식당입니다! 안 오면 후회하실거에요!,애선양행,POINT (126.5622458 33.2503166),4.5
575,제주특별자치도 서귀포시 중문관광로 90 (색달동),제주도에서 으뜸가는 식당입니다! 안 오면 후회하실거에요!,투썸플레이스제주중문관광단지점,POINT (126.4142309 33.2502446),4.5
576,제주특별자치도 서귀포시 중문관광로 90 (색달동),제주도에서 으뜸가는 식당입니다! 안 오면 후회하실거에요!,투썸플레이스제주중문관광단지2호점,POINT (126.4142309 33.2502446),4.5
577,제주특별자치도 서귀포시 중문관광로 90 B동 지하1층 (색달동),제주도에서 으뜸가는 식당입니다! 안 오면 후회하실거에요!,옐로우카페,POINT (126.4142309 33.2502446),4.5
578,제주특별자치도 서귀포시 중문관광로110번길 31 지하2층 (색달동),제주도에서 으뜸가는 식당입니다! 안 오면 후회하실거에요!,테디베어카페,POINT (126.4119743 33.2502419),4.5
579,제주특별자치도 서귀포시 중동로48번길 3 (서귀동),제주도에서 으뜸가는 식당입니다! 안 오면 후회하실거에요!,짱구분식,POINT (126.5672963 33.2501459),4.5
580,제주특별자치도 서귀포시 중정로61번길 25 1층 (서귀동),제주도에서 으뜸가는 식당입니다! 안 오면 후회하실거에요!,서귀포올레마늘통닭,POINT (126.5626331 33.2501281),4.5
581,제주특별자치도 서귀포시 안덕면 사계북로41번길 178-3 1층,제주도에서 으뜸가는 식당입니다! 안 오면 후회하실거에요!,탄산휴게음식점,POINT (126.2994269 33.2501255),4.5
582,제주특별자치도 서귀포시 중앙로48번길 42 1층 (서귀동),제주도에서 으뜸가는 식당입니다! 안 오면 후회하실거에요!,지에스25서귀동변점,POINT (126.5658335 33.2500911),4.5
583,제주특별자치도 서귀포시 일주서로 235 (강정동),제주도에서 으뜸가는 식당입니다! 안 오면 후회하실거에요!,맘스김밥,POINT (126.4828487 33.2500837),4.5
584,제주특별자치도 서귀포시 중앙로59번길 4 (서귀동),제주도에서 으뜸가는 식당입니다! 안 오면 후회하실거에요!,블랙다방,POINT (126.5612414 33.250057),4.5
585,제주특별자치도 서귀포시 중앙로62번길 2 (서귀동),제주도에서 으뜸가는 식당입니다! 안 오면 후회하실거에요!,동산다방,POINT (126.5617997 33.25004),4.5
586,제주특별자치도 서귀포시 중정로61번길 23 2층 (서귀동),제주도에서 으뜸가는 식당입니다! 안 오면 후회하실거에요!,오서울다방,POINT (126.5626575 33.2499481),4.5
587,제주특별자치도 서귀포시 중문관광로110번길 15 (색달동),제주도에서 으뜸가는 식당입니다! 안 오면 후회하실거에요!,초콜릿앤드커피,POINT (126.4132655 33.2499302),4.5
588,제주특별자치도 서귀포시 중문관광로110번길 15 1층 (색달동),제주도에서 으뜸가는 식당입니다! 안 오면 후회하실거에요!,중문다방,POINT (126.4132655 33.2499302),4.5
589,제주특별자치도 서귀포시 중문관광로110번길 15 (색달동),제주도에서 으뜸가는 식당입니다! 안 오면 후회하실거에요!,나비채,POINT (126.4132655 33.2499302),4.5
590,제주특별자치도 서귀포시 중문관광로72번길 53 (색달동),제주도에서 으뜸가는 식당입니다! 안 오면 후회하실거에요!,호텔하나다방,POINT (126.4082883 33.2498991),4.5
591,제주특별자치도 서귀포시 중앙로 59 (서귀동),제주도에서 으뜸가는 식당입니다! 안 오면 후회하실거에요!,죽이야기서귀포점,POINT (126.5601146 33.2498365),4.5
592,제주특별자치도 서귀포시 동문로 48 (서귀동),제주도에서 으뜸가는 식당입니다! 안 오면 후회하실거에요!,금호다방,POINT (126.5656661 33.2498304),4.5
593,제주특별자치도 서귀포시 중문관광로72번길 29-5 (색달동),제주도에서 으뜸가는 식당입니다! 안 오면 후회하실거에요!,세븐일레븐서귀포중문롯데점,POINT (126.4109614 33.249826),4.5
594,제주특별자치도 서귀포시 중정로91번길 18 (서귀동),제주도에서 으뜸가는 식당입니다! 안 오면 후회하실거에요!,강추분식,POINT (126.5651399 33.2497883),4.5
595,제주특별자치도 서귀포시 중정로73번길 18-1 (서귀동),제주도에서 으뜸가는 식당입니다! 안 오면 후회하실거에요!,문어빵굽는문빵9,POINT (126.564116 33.2497341),4.5
596,제주특별자치도 서귀포시 중앙로54번길 14 1층 (서귀동),제주도에서 으뜸가는 식당입니다! 안 오면 후회하실거에요!,아이스크림연구소,POINT (126.5634949 33.24973),4.5
597,제주특별자치도 서귀포시 중앙로 56 1층 (서귀동),제주도에서 으뜸가는 식당입니다! 안 오면 후회하실거에요!,메가커피서귀포중앙점,POINT (126.5618651 33.2497135),4.5
598,제주특별자치도 서귀포시 중정로73번길 17 (서귀동),제주도에서 으뜸가는 식당입니다! 안 오면 후회하실거에요!,올레흑돼지꼬치구이전문점,POINT (126.563856 33.2496914),4.5
599,제주특별자치도 서귀포시 중앙로54번길 42 (서귀동),제주도에서 으뜸가는 식당입니다! 안 오면 후회하실거에요!,또또만두,POINT (126.5634895 33.2496807),4.5
600,제주특별자치도 서귀포시 중문관광로72번길 29-9 (색달동),제주도에서 으뜸가는 식당입니다! 안 오면 후회하실거에요!,던킨제주중문점,POINT (126.4113633 33.2496778),4.5
601,제주특별자치도 서귀포시 동문동로 2 (서귀동),제주도에서 으뜸가는 식당입니다! 안 오면 후회하실거에요!,오는정김밥,POINT (126.5675722 33.2496757),4.5
602,제주특별자치도 서귀포시 중정로73번길 18 (서귀동),제주도에서 으뜸가는 식당입니다! 안 오면 후회하실거에요!,제주섬SUM분식,POINT (126.5641314 33.2496477),4.5
603,제주특별자치도 서귀포시 중동로48번길 11 (서귀동),제주도에서 으뜸가는 식당입니다! 안 오면 후회하실거에요!,씨유 서귀포동문점,POINT (126.5666859 33.2496078),4.5
604,제주특별자치도 서귀포시 동홍동로32번길 12 1층 (동홍동),제주도에서 으뜸가는 식당입니다! 안 오면 후회하실거에요!,지에스25동홍그린점,POINT (126.5686053 33.249596),4.5
605,제주특별자치도 서귀포시 중정로73번길 15-1 (서귀동),제주도에서 으뜸가는 식당입니다! 안 오면 후회하실거에요!,올레큐브스테이크,POINT (126.563826 33.2495549),4.5
606,제주특별자치도 서귀포시 중앙로48번길 23 1층 (서귀동),제주도에서 으뜸가는 식당입니다! 안 오면 후회하실거에요!,커피탭,POINT (126.5641385 33.2494747),4.5
607,제주특별자치도 서귀포시 칠십리로658번길 27-16 (하효동),제주도에서 으뜸가는 식당입니다! 안 오면 후회하실거에요!,테라로사 서귀포지점,POINT (126.6187916 33.2494603),4.5
608,제주특별자치도 서귀포시 동문로 1 (서귀동),제주도에서 으뜸가는 식당입니다! 안 오면 후회하실거에요!,제주권역재활병원꿈앤카페소리,POINT (126.5669792 33.2494552),4.5
609,제주특별자치도 서귀포시 중정로91번길 15 2층 (서귀동),제주도에서 으뜸가는 식당입니다! 안 오면 후회하실거에요!,우성다방,POINT (126.5652211 33.2494187),4.5
610,제주특별자치도 서귀포시 중앙로48번길 17 (서귀동),제주도에서 으뜸가는 식당입니다! 안 오면 후회하실거에요!,덕이죽집,POINT (126.5634319 33.2493773),4.5
611,제주특별자치도 서귀포시 중앙로42번길 41 (서귀동),제주도에서 으뜸가는 식당입니다! 안 오면 후회하실거에요!,뱅크다방,POINT (126.565927 33.2493619),4.5
612,제주특별자치도 서귀포시 중문관광로72번길 67 (색달동),제주도에서 으뜸가는 식당입니다! 안 오면 후회하실거에요!,스위트호텔 코코모,POINT (126.4083941 33.2493324),4.5
613,제주특별자치도 서귀포시 동홍로 10 (서귀동),제주도에서 으뜸가는 식당입니다! 안 오면 후회하실거에요!,윤희분식,POINT (126.5680524 33.2493161),4.5
614,제주특별자치도 서귀포시 중앙로48번길 15 (서귀동),제주도에서 으뜸가는 식당입니다! 안 오면 후회하실거에요!,아우토반피시방,POINT (126.5631433 33.2493117),4.5
615,제주특별자치도 서귀포시 서문로41번길 2 (서귀동),제주도에서 으뜸가는 식당입니다! 안 오면 후회하실거에요!,(주)코리아세븐 서귀포서문로점,POINT (126.5581487 33.2492864),4.5
616,제주특별자치도 서귀포시 동문로 60 2층 (서귀동),제주도에서 으뜸가는 식당입니다! 안 오면 후회하실거에요!,해당화다방,POINT (126.5666726 33.2492416),4.5
617,제주특별자치도 서귀포시 중앙로48번길 13 1층 (서귀동),제주도에서 으뜸가는 식당입니다! 안 오면 후회하실거에요!,준이네분식,POINT (126.563034 33.2492374),4.5
618,제주특별자치도 서귀포시 중정로91번길 9 (서귀동),제주도에서 으뜸가는 식당입니다! 안 오면 후회하실거에요!,자유다방,POINT (126.565603 33.2492238),4.5
619,제주특별자치도 서귀포시 중정로73번길 13 (서귀동),제주도에서 으뜸가는 식당입니다! 안 오면 후회하실거에요!,하영꼬치,POINT (126.5639079 33.2492088),4.5
620,제주특별자치도 서귀포시 중앙로42번길 44 (서귀동),제주도에서 으뜸가는 식당입니다! 안 오면 후회하실거에요!,고려다방,POINT (126.5663352 33.2492052),4.5
621,제주특별자치도 서귀포시 동문로 62 (서귀동),제주도에서 으뜸가는 식당입니다! 안 오면 후회하실거에요!,먹고가게,POINT (126.5667571 33.2491939),4.5
622,제주특별자치도 서귀포시 동홍로8번길 13 1층 (서귀동),제주도에서 으뜸가는 식당입니다! 안 오면 후회하실거에요!,혜시리네김밥,POINT (126.5692267 33.2491574),4.5
623,제주특별자치도 서귀포시 중정로91번길 7 1층 (서귀동),제주도에서 으뜸가는 식당입니다! 안 오면 후회하실거에요!,이칠이,POINT (126.5657309 33.2491469),4.5
624,제주특별자치도 서귀포시 서호남로 92-15 (서호동),제주도에서 으뜸가는 식당입니다! 안 오면 후회하실거에요!,씨유서귀포서호중로점,POINT (126.5208686 33.2490892),4.5
625,제주특별자치도 서귀포시 중앙로42번길 33 1층 (서귀동),제주도에서 으뜸가는 식당입니다! 안 오면 후회하실거에요!,뽕뽕식당,POINT (126.5651269 33.249075),4.5
626,제주특별자치도 서귀포시 중정로73번길 11 (서귀동),제주도에서 으뜸가는 식당입니다! 안 오면 후회하실거에요!,쉬멍가,POINT (126.5638327 33.2490195),4.5
627,제주특별자치도 서귀포시 동문로 69 (서귀동),제주도에서 으뜸가는 식당입니다! 안 오면 후회하실거에요!,아름이네분식,POINT (126.5675574 33.2490074),4.5
628,제주특별자치도 서귀포시 동문로 69 2층 (서귀동),제주도에서 으뜸가는 식당입니다! 안 오면 후회하실거에요!,로타리다방,POINT (126.5675574 33.2490074),4.5
629,제주특별자치도 서귀포시 서호남로 91 상가동 101호 (서호동),제주도에서 으뜸가는 식당입니다! 안 오면 후회하실거에요!,씨유서귀포부영점,POINT (126.5216984 33.2489663),4.5
630,제주특별자치도 서귀포시 중정로73번길 9 1층 (서귀동),제주도에서 으뜸가는 식당입니다! 안 오면 후회하실거에요!,원꼬치,POINT (126.5639446 33.2489306),4.5
631,제주특별자치도 서귀포시 서문로29번길 15 (서귀동),제주도에서 으뜸가는 식당입니다! 안 오면 후회하실거에요!,씨유서귀아랑조을거리점,POINT (126.5594598 33.2489004),4.5
632,제주특별자치도 서귀포시 중정로73번길 8 1층 (서귀동),제주도에서 으뜸가는 식당입니다! 안 오면 후회하실거에요!,커피에반하다서귀포올레시장점,POINT (126.5642279 33.2488022),4.5
633,제주특별자치도 서귀포시 일주동로 9217 (법환동),제주도에서 으뜸가는 식당입니다! 안 오면 후회하실거에요!,커피볶는집오즈비,POINT (126.5083874 33.2487995),4.5
634,제주특별자치도 서귀포시 일주동로 9213 (법환동),제주도에서 으뜸가는 식당입니다! 안 오면 후회하실거에요!,GS25서귀터미널점,POINT (126.5083874 33.2487995),4.5
635,제주특별자치도 서귀포시 중문관광로 348 (중문동),제주도에서 으뜸가는 식당입니다! 안 오면 후회하실거에요!,마신다,POINT (126.4198849 33.2487954),4.5
636,제주특별자치도 서귀포시 동문로 70 (서귀동),제주도에서 으뜸가는 식당입니다! 안 오면 후회하실거에요!,돌다방,POINT (126.567381 33.2487665),4.5
637,제주특별자치도 서귀포시 동문로 70 (서귀동),제주도에서 으뜸가는 식당입니다! 안 오면 후회하실거에요!,세븐일레븐 서귀포 동문점,POINT (126.567381 33.2487665),4.5
638,제주특별자치도 서귀포시 중앙로 45 1층 (서귀동),제주도에서 으뜸가는 식당입니다! 안 오면 후회하실거에요!,지에스25서귀엘지점,POINT (126.5615757 33.2487112),4.5
639,제주특별자치도 서귀포시 중정로 95-2 (서귀동),제주도에서 으뜸가는 식당입니다! 안 오면 후회하실거에요!,동미다방,POINT (126.5666013 33.2486781),4.5
640,제주특별자치도 서귀포시 중정로61번길 9 (서귀동),제주도에서 으뜸가는 식당입니다! 안 오면 후회하실거에요!,롯데리아서귀포점,POINT (126.5627846 33.2486729),4.5
641,제주특별자치도 서귀포시 중정로61번길 9 (서귀동),제주도에서 으뜸가는 식당입니다! 안 오면 후회하실거에요!,만호다방,POINT (126.5627846 33.2486729),4.5
642,제주특별자치도 서귀포시 중앙로42번길 7 (서귀동),제주도에서 으뜸가는 식당입니다! 안 오면 후회하실거에요!,한스델리서귀포점,POINT (126.5624147 33.2486533),4.5
643,제주특별자치도 서귀포시 중정로61번길 8-1 (서귀동),제주도에서 으뜸가는 식당입니다! 안 오면 후회하실거에요!,화용다방,POINT (126.563135 33.2486381),4.5
644,제주특별자치도 서귀포시 중앙로42번길 24 (서귀동),제주도에서 으뜸가는 식당입니다! 안 오면 후회하실거에요!,새로나식당,POINT (126.5642465 33.2485788),4.5
645,제주특별자치도 서귀포시 중앙로42번길 24 (서귀동),제주도에서 으뜸가는 식당입니다! 안 오면 후회하실거에요!,초록분식,POINT (126.5642465 33.2485788),4.5
646,제주특별자치도 서귀포시 중앙로42번길 9 (서귀동),제주도에서 으뜸가는 식당입니다! 안 오면 후회하실거에요!,GS25서귀중앙점,POINT (126.5628176 33.248556),4.5
647,제주특별자치도 서귀포시 중앙로42번길 22 (서귀동),제주도에서 으뜸가는 식당입니다! 안 오면 후회하실거에요!,소문난순대족발,POINT (126.5639723 33.2485522),4.5
648,제주특별자치도 서귀포시 중앙로42번길 22 (서귀동),제주도에서 으뜸가는 식당입니다! 안 오면 후회하실거에요!,불로초장터,POINT (126.5639723 33.2485522),4.5
649,제주특별자치도 서귀포시 중정로73번길 4-1 (서귀동),제주도에서 으뜸가는 식당입니다! 안 오면 후회하실거에요!,하효통닭치킨,POINT (126.5642653 33.2484808),4.5
650,제주특별자치도 서귀포시 일주동로 9209 (법환동),제주도에서 으뜸가는 식당입니다! 안 오면 후회하실거에요!,이디야커피전문점,POINT (126.5092187 33.2484335),4.5
651,제주특별자치도 서귀포시 일주동로 9209 (법환동),제주도에서 으뜸가는 식당입니다! 안 오면 후회하실거에요!,(주)이마트서귀포점조리식품,POINT (126.5092187 33.2484335),4.5
652,제주특별자치도 서귀포시 일주동로 9209 (법환동),제주도에서 으뜸가는 식당입니다! 안 오면 후회하실거에요!,(주)이마트서귀포점회코너,POINT (126.5092187 33.2484335),4.5
653,제주특별자치도 서귀포시 일주동로 9209 (법환동),제주도에서 으뜸가는 식당입니다! 안 오면 후회하실거에요!,(주)보승식품,POINT (126.5092187 33.2484335),4.5
654,제주특별자치도 서귀포시 중정로 104 1층 (서귀동),제주도에서 으뜸가는 식당입니다! 안 오면 후회하실거에요!,찰스커피,POINT (126.5674188 33.2484225),4.5
655,제주특별자치도 서귀포시 중정로 96 (서귀동),제주도에서 으뜸가는 식당입니다! 안 오면 후회하실거에요!,대성다방,POINT (126.5666291 33.2484188),4.5
656,제주특별자치도 서귀포시 중정로 94 (서귀동),제주도에서 으뜸가는 식당입니다! 안 오면 후회하실거에요!,올레길다방,POINT (126.5663601 33.2484031),4.5
657,제주특별자치도 서귀포시 중정로 122 1층 (서귀동),제주도에서 으뜸가는 식당입니다! 안 오면 후회하실거에요!,서귀휴게음식점,POINT (126.5692091 33.2483926),4.5
658,제주특별자치도 서귀포시 태평로431번길 32 (서귀동),제주도에서 으뜸가는 식당입니다! 안 오면 후회하실거에요!,정원다방,POINT (126.5662788 33.2483228),4.5
659,제주특별자치도 서귀포시 태평로431번길 32 1층 (서귀동),제주도에서 으뜸가는 식당입니다! 안 오면 후회하실거에요!,세븐일레븐서귀포중앙점,POINT (126.5662788 33.2483228),4.5
660,제주특별자치도 서귀포시 중앙로42번길 8 (서귀동),제주도에서 으뜸가는 식당입니다! 안 오면 후회하실거에요!,김가네,POINT (126.5628089 33.2483035),4.5
661,제주특별자치도 서귀포시 중정로73번길 2 (서귀동),제주도에서 으뜸가는 식당입니다! 안 오면 후회하실거에요!,에덴분식,POINT (126.5642924 33.2482665),4.5
662,제주특별자치도 서귀포시 정방로 6 (서귀동),제주도에서 으뜸가는 식당입니다! 안 오면 후회하실거에요!,귀빈다방,POINT (126.5677388 33.248144),4.5
663,제주특별자치도 서귀포시 중정로61번길 4 1층 (서귀동),제주도에서 으뜸가는 식당입니다! 안 오면 후회하실거에요!,리틀브라운제주본점,POINT (126.5632215 33.248136),4.5
664,제주특별자치도 서귀포시 중정로61번길 4 (서귀동),제주도에서 으뜸가는 식당입니다! 안 오면 후회하실거에요!,죠스떡볶이 제주서귀포점,POINT (126.5632215 33.248136),4.5
665,제주특별자치도 서귀포시 중정로 57 (서귀동),제주도에서 으뜸가는 식당입니다! 안 오면 후회하실거에요!,세븐일레븐서귀포스타점(농업법인헬로팜(주)),POINT (126.5624592 33.2480975),4.5
666,제주특별자치도 서귀포시 중앙로 41 (서귀동),제주도에서 으뜸가는 식당입니다! 안 오면 후회하실거에요!,여정다방,POINT (126.560575 33.2480965),4.5
667,제주특별자치도 서귀포시 중앙로 41 1층 (서귀동),제주도에서 으뜸가는 식당입니다! 안 오면 후회하실거에요!,청춘감성쌀핫도그 제주서귀중앙점,POINT (126.560575 33.2480965),4.5
668,제주특별자치도 서귀포시 태평로431번길 26 (서귀동),제주도에서 으뜸가는 식당입니다! 안 오면 후회하실거에요!,고망식당,POINT (126.566302 33.2480796),4.5
669,제주특별자치도 서귀포시 서홍로 2 (서홍동),제주도에서 으뜸가는 식당입니다! 안 오면 후회하실거에요!,동백농원특산카페,POINT (126.5532469 33.2480583),4.5
670,제주특별자치도 서귀포시 안덕면 화순로 142 C동 1층,제주도에서 으뜸가는 식당입니다! 안 오면 후회하실거에요!,지에스25화순육거리점,POINT (126.3309435 33.2480463),4.5
671,제주특별자치도 서귀포시 중앙로 38 (서귀동),제주도에서 으뜸가는 식당입니다! 안 오면 후회하실거에요!,백록다방,POINT (126.5620524 33.2480405),4.5
672,제주특별자치도 서귀포시 이중섭로 1 (서귀동),제주도에서 으뜸가는 식당입니다! 안 오면 후회하실거에요!,서귀먹보김밥천국,POINT (126.5644025 33.2479639),4.5
673,제주특별자치도 서귀포시 중정로 53 (서귀동),제주도에서 으뜸가는 식당입니다! 안 오면 후회하실거에요!,스타벅스커피제주서귀포점,POINT (126.5621036 33.2477967),4.5
674,제주특별자치도 서귀포시 이중섭로 4 (서귀동),제주도에서 으뜸가는 식당입니다! 안 오면 후회하실거에요!,용우동서귀포점,POINT (126.5640771 33.2477168),4.5
675,제주특별자치도 서귀포시 중앙로 35 (서귀동),제주도에서 으뜸가는 식당입니다! 안 오면 후회하실거에요!,미스터피자서귀포점,POINT (126.5617231 33.2477094),4.5
676,제주특별자치도 서귀포시 중앙로 35 (서귀동),제주도에서 으뜸가는 식당입니다! 안 오면 후회하실거에요!,착한만두앤고로케,POINT (126.5617231 33.2477094),4.5
677,제주특별자치도 서귀포시 태평로 463 (서귀동),제주도에서 으뜸가는 식당입니다! 안 오면 후회하실거에요!,씨유서귀포정방점,POINT (126.5687701 33.2476816),4.5
678,제주특별자치도 서귀포시 중정로 17-1 1층 (서귀동),제주도에서 으뜸가는 식당입니다! 안 오면 후회하실거에요!,GS25서귀중정점,POINT (126.5584532 33.2476634),4.5
679,제주특별자치도 서귀포시 중정로62번길 1 (서귀동),제주도에서 으뜸가는 식당입니다! 안 오면 후회하실거에요!,베트로,POINT (126.5632133 33.2476527),4.5
680,제주특별자치도 서귀포시 이중섭로 4-1 2층 (서귀동),제주도에서 으뜸가는 식당입니다! 안 오면 후회하실거에요!,설빙,POINT (126.5641044 33.2476269),4.5
681,제주특별자치도 서귀포시 중정로 60 (서귀동),제주도에서 으뜸가는 식당입니다! 안 오면 후회하실거에요!,김밥천국서귀포점,POINT (126.5628319 33.2476176),4.5
682,제주특별자치도 서귀포시 중정로 60 (서귀동),제주도에서 으뜸가는 식당입니다! 안 오면 후회하실거에요!,베스킨라빈스,POINT (126.5628319 33.2476176),4.5
683,제주특별자치도 서귀포시 중정로 60 (서귀동),제주도에서 으뜸가는 식당입니다! 안 오면 후회하실거에요!,앨리스,POINT (126.5628319 33.2476176),4.5
684,제주특별자치도 서귀포시 명동로 29 3층 (서귀동),제주도에서 으뜸가는 식당입니다! 안 오면 후회하실거에요!,콩툰서귀포점,POINT (126.5650596 33.24761),4.5
685,제주특별자치도 서귀포시 명동로 19-1 1층 (서귀동),제주도에서 으뜸가는 식당입니다! 안 오면 후회하실거에요!,쥬씨올레시장점,POINT (126.5641679 33.2474816),4.5
686,제주특별자치도 서귀포시 태평로 284 (서홍동),제주도에서 으뜸가는 식당입니다! 안 오면 후회하실거에요!,세계조가비박물관커피숍,POINT (126.551644 33.2474572),4.5
687,제주특별자치도 서귀포시 명동로 38 2층 (서귀동),제주도에서 으뜸가는 식당입니다! 안 오면 후회하실거에요!,황제다방,POINT (126.5659049 33.2474277),4.5
688,제주특별자치도 서귀포시 명동로 28 3층 (서귀동),제주도에서 으뜸가는 식당입니다! 안 오면 후회하실거에요!,라이또PC서귀본점,POINT (126.5649399 33.2473219),4.5
689,제주특별자치도 서귀포시 월드컵로 33 (법환동),제주도에서 으뜸가는 식당입니다! 안 오면 후회하실거에요!,미가,POINT (126.5092079 33.2472388),4.5
690,제주특별자치도 서귀포시 월드컵로 33 (법환동),제주도에서 으뜸가는 식당입니다! 안 오면 후회하실거에요!,바리스타월드컵경기장점,POINT (126.5092079 33.2472388),4.5
691,제주특별자치도 서귀포시 월드컵로 33 1층 (법환동),제주도에서 으뜸가는 식당입니다! 안 오면 후회하실거에요!,찜질방매점,POINT (126.5092079 33.2472388),4.5
692,제주특별자치도 서귀포시 월드컵로 33 지하1층 (법환동),제주도에서 으뜸가는 식당입니다! 안 오면 후회하실거에요!,닥터박스제주월드컵경기장점,POINT (126.5092079 33.2472388),4.5
693,제주특별자치도 서귀포시 월드컵로 31 1층 (법환동),제주도에서 으뜸가는 식당입니다! 안 오면 후회하실거에요!,월드휴게점,POINT (126.5092079 33.2472388),4.5
694,제주특별자치도 서귀포시 명동로 16 1층 (서귀동),제주도에서 으뜸가는 식당입니다! 안 오면 후회하실거에요!,배배,POINT (126.5637782 33.2471642),4.5
695,제주특별자치도 서귀포시 동부로 24 1층 (서귀동),제주도에서 으뜸가는 식당입니다! 안 오면 후회하실거에요!,할머니만두,POINT (126.5691104 33.2470111),4.5
696,제주특별자치도 서귀포시 명동로 1 1층 (서귀동),제주도에서 으뜸가는 식당입니다! 안 오면 후회하실거에요!,못난이찹쌀꽈배기제주본점,POINT (126.5621759 33.2469861),4.5
697,제주특별자치도 서귀포시 명동로 14 (서귀동),제주도에서 으뜸가는 식당입니다! 안 오면 후회하실거에요!,항공모함PC존,POINT (126.5634715 33.246956),4.5
698,제주특별자치도 서귀포시 태평로353번길 14 1층 (서귀동),제주도에서 으뜸가는 식당입니다! 안 오면 후회하실거에요!,카페베네엠스테이점,POINT (126.5608897 33.2469128),4.5
699,제주특별자치도 서귀포시 안덕면 화순로 96,제주도에서 으뜸가는 식당입니다! 안 오면 후회하실거에요!,화순에덴분식,POINT (126.3361886 33.2468871),4.5
700,제주특별자치도 서귀포시 안덕면 화순로 100-1,제주도에서 으뜸가는 식당입니다! 안 오면 후회하실거에요!,화신다방,POINT (126.3356721 33.2468486),4.5
701,제주특별자치도 서귀포시 안덕면 화순로 104-1,제주도에서 으뜸가는 식당입니다! 안 오면 후회하실거에요!,나누리김밥천국,POINT (126.3354622 33.2467141),4.5
702,제주특별자치도 서귀포시 안덕면 화순로 122,제주도에서 으뜸가는 식당입니다! 안 오면 후회하실거에요!,안덕농협휴게음식점,POINT (126.333321 33.2465809),4.5
703,제주특별자치도 서귀포시 이중섭로 16 (서귀동),제주도에서 으뜸가는 식당입니다! 안 오면 후회하실거에요!,지에스25이중섭거리점,POINT (126.5641733 33.246516),4.5
704,제주특별자치도 서귀포시 안덕면 화순로 103,제주도에서 으뜸가는 식당입니다! 안 오면 후회하실거에요!,씨유제주화순점,POINT (126.335392 33.2464563),4.5
705,제주특별자치도 서귀포시 태평로439번길 39 (서귀동),제주도에서 으뜸가는 식당입니다! 안 오면 후회하실거에요!,설매다방,POINT (126.5631092 33.2462792),4.5
706,제주특별자치도 서귀포시 안덕면 사계로114번길 87,제주도에서 으뜸가는 식당입니다! 안 오면 후회하실거에요!,미르빌,POINT (126.3060521 33.2460023),4.5
707,제주특별자치도 서귀포시 이어도로 293-20 (하원동),제주도에서 으뜸가는 식당입니다! 안 오면 후회하실거에요!,약천사휴게소,POINT (126.4493336 33.2457655),4.5
708,제주특별자치도 서귀포시 태평로 423 1층 (서귀동),제주도에서 으뜸가는 식당입니다! 안 오면 후회하실거에요!,꽃돼지분식,POINT (126.5655406 33.2453597),4.5
709,제주특별자치도 서귀포시 성산읍 한도로 257 1층,제주도에서 으뜸가는 식당입니다! 안 오면 후회하실거에요!,자연과함께하는행복한쉼터,POINT (126.5594023 33.245277),4.5
710,제주특별자치도 서귀포시 칠십리로214번길 30 (동홍동),제주도에서 으뜸가는 식당입니다! 안 오면 후회하실거에요!,드롭탑 서귀포갤러리 왈점,POINT (126.5738961 33.2452223),4.5
711,제주특별자치도 서귀포시 예래로 446 (하예동),제주도에서 으뜸가는 식당입니다! 안 오면 후회하실거에요!,씨유서귀예래점,POINT (126.3852784 33.2451213),4.5
712,제주특별자치도 서귀포시 예래로 229 1층 (하예동),제주도에서 으뜸가는 식당입니다! 안 오면 후회하실거에요!,지에스25논짓물점,POINT (126.3852784 33.2451213),4.5
713,제주특별자치도 서귀포시 이어도로 1041-1 1층 (서호동),제주도에서 으뜸가는 식당입니다! 안 오면 후회하실거에요!,하영편의점,POINT (126.5222577 33.2450152),4.5
714,제주특별자치도 서귀포시 칠십리로214번길 36 (동홍동),제주도에서 으뜸가는 식당입니다! 안 오면 후회하실거에요!,하루방휴게소,POINT (126.57324 33.2449894),4.5
715,제주특별자치도 서귀포시 태평로 69 (호근동),제주도에서 으뜸가는 식당입니다! 안 오면 후회하실거에요!,씨유서귀여고정문점,POINT (126.5306973 33.2449133),4.5
716,제주특별자치도 서귀포시 태평로442번길 21 1층 (서귀동),제주도에서 으뜸가는 식당입니다! 안 오면 후회하실거에요!,하올람 커피,POINT (126.5679057 33.24487),4.5
717,제주특별자치도 서귀포시 월평로 15 (월평동),제주도에서 으뜸가는 식당입니다! 안 오면 후회하실거에요!,리틀포레스트,POINT (126.4592692 33.2448621),4.5
718,제주특별자치도 서귀포시 동홍서로 37 1층 (동홍동),제주도에서 으뜸가는 식당입니다! 안 오면 후회하실거에요!,씨유서귀문부로점,POINT (126.5718032 33.2448521),4.5
719,제주특별자치도 서귀포시 태평로 385 (서귀동),제주도에서 으뜸가는 식당입니다! 안 오면 후회하실거에요!,씨유서귀포태평로점,POINT (126.5618394 33.2447994),4.5
720,제주특별자치도 서귀포시 태평로 34-17 2층 (호근동),제주도에서 으뜸가는 식당입니다! 안 오면 후회하실거에요!,랍다:즐겁다,POINT (126.5266506 33.2446869),4.5
721,제주특별자치도 서귀포시 남성중로153번길 15 (서홍동),제주도에서 으뜸가는 식당입니다! 안 오면 후회하실거에요!,삼매봉도서관구내식당 아띠,POINT (126.5517975 33.2446568),4.5
722,제주특별자치도 서귀포시 태평로 414 (서귀동),제주도에서 으뜸가는 식당입니다! 안 오면 후회하실거에요!,씨유서귀포송산점,POINT (126.5646466 33.2446516),4.5
723,제주특별자치도 서귀포시 중문관광로 72-114 (색달동),제주도에서 으뜸가는 식당입니다! 안 오면 후회하실거에요!,올레카페,POINT (126.405938 33.244488),4.5
724,제주특별자치도 서귀포시 솔동산로 6-1 (서귀동),제주도에서 으뜸가는 식당입니다! 안 오면 후회하실거에요!,보물섬다방,POINT (126.5641506 33.244278),4.5
725,제주특별자치도 서귀포시 남성중로 2-11 (서홍동),제주도에서 으뜸가는 식당입니다! 안 오면 후회하실거에요!,제주특산품할인마트휴게음식점,POINT (126.5599329 33.2442635),4.5
726,제주특별자치도 서귀포시 검은여로 4 (토평동),제주도에서 으뜸가는 식당입니다! 안 오면 후회하실거에요!,검은여닭도가니,POINT (126.5821443 33.2442247),4.5
727,제주특별자치도 서귀포시 태평로 398 1층 (서귀동),제주도에서 으뜸가는 식당입니다! 안 오면 후회하실거에요!,하논,POINT (126.5630395 33.2441813),4.5
728,제주특별자치도 서귀포시 솔동산로 20 1층 (서귀동),제주도에서 으뜸가는 식당입니다! 안 오면 후회하실거에요!,GS25서귀솔동산점,POINT (126.5624219 33.2440867),4.5
729,제주특별자치도 서귀포시 안덕면 대평감산로 47,제주도에서 으뜸가는 식당입니다! 안 오면 후회하실거에요!,도도엔마농,POINT (126.362855 33.244029),4.5
730,제주특별자치도 서귀포시 칠십리로 139 (서귀동),제주도에서 으뜸가는 식당입니다! 안 오면 후회하실거에요!,세븐일레븐 서귀포송산점,POINT (126.5677702 33.2439871),4.5
731,제주특별자치도 서귀포시 안덕면 화순중앙로 94 2층,제주도에서 으뜸가는 식당입니다! 안 오면 후회하실거에요!,지에스25화순아일랜드점,POINT (126.3360304 33.2439503),4.5
732,제주특별자치도 서귀포시 남성중로 131 (서홍동),제주도에서 으뜸가는 식당입니다! 안 오면 후회하실거에요!,씨유서귀외돌개점,POINT (126.5547833 33.2438918),4.5
733,제주특별자치도 서귀포시 이어도로 297 1층 (하원동),제주도에서 으뜸가는 식당입니다! 안 오면 후회하실거에요!,카페헬로,POINT (126.4513018 33.2438633),4.5
734,제주특별자치도 서귀포시 월평하원로 43-3 (월평동),제주도에서 으뜸가는 식당입니다! 안 오면 후회하실거에요!,파머스커피,POINT (126.4572162 33.243844),4.5
735,제주특별자치도 서귀포시 월드컵로 63 1층 (법환동),제주도에서 으뜸가는 식당입니다! 안 오면 후회하실거에요!,이집,POINT (126.5060017 33.2438391),4.5
736,제주특별자치도 서귀포시 하예로 1-3 2층 (하예동),제주도에서 으뜸가는 식당입니다! 안 오면 후회하실거에요!,복고다방,POINT (126.3861414 33.2434657),4.5
737,제주특별자치도 서귀포시 남성중로 2-3 (서홍동),제주도에서 으뜸가는 식당입니다! 안 오면 후회하실거에요!,쥬씨천지연점,POINT (126.5598021 33.2434045),4.5
738,제주특별자치도 서귀포시 남성중로 2-3 (서홍동),제주도에서 으뜸가는 식당입니다! 안 오면 후회하실거에요!,엔제리너스 천지연폭포점,POINT (126.5598021 33.2434045),4.5
739,제주특별자치도 서귀포시 남성중로 2-3 1층 (서홍동),제주도에서 으뜸가는 식당입니다! 안 오면 후회하실거에요!,망고레이천지연폭포점,POINT (126.5598021 33.2434045),4.5
740,제주특별자치도 서귀포시 솔동산로 15 (서귀동),제주도에서 으뜸가는 식당입니다! 안 오면 후회하실거에요!,파시랑,POINT (126.5642185 33.2434033),4.5
741,제주특별자치도 서귀포시 천지연로8번길 20 (서귀동),제주도에서 으뜸가는 식당입니다! 안 오면 후회하실거에요!,아름문구,POINT (126.5660912 33.2433149),4.5
742,제주특별자치도 서귀포시 성산읍 한도로 257 1층,제주도에서 으뜸가는 식당입니다! 안 오면 후회하실거에요!,유리성휴게점,POINT (126.4164517 33.2431765),4.5
743,제주특별자치도 서귀포시 성산읍 한도로 257 1층,제주도에서 으뜸가는 식당입니다! 안 오면 후회하실거에요!,후드푸드트럭,POINT (126.4164517 33.2431765),4.5
744,제주특별자치도 서귀포시 중문관광로 198 (중문동),제주도에서 으뜸가는 식당입니다! 안 오면 후회하실거에요!,씨에스호텔시젠,POINT (126.4204352 33.2429044),4.5
745,제주특별자치도 서귀포시 솔동산로21번길 31 1층 (서귀동),제주도에서 으뜸가는 식당입니다! 안 오면 후회하실거에요!,씨유자구리점,POINT (126.5672071 33.2426579),4.5
746,제주특별자치도 서귀포시 월드컵로 206 (강정동),제주도에서 으뜸가는 식당입니다! 안 오면 후회하실거에요!,가배,POINT (126.5061755 33.2424406),4.5
747,제주특별자치도 서귀포시 칠십리로 113 (서귀동),제주도에서 으뜸가는 식당입니다! 안 오면 후회하실거에요!,몬들락,POINT (126.566816 33.2422314),4.5
748,제주특별자치도 서귀포시 보목로 21-11 (보목동),제주도에서 으뜸가는 식당입니다! 안 오면 후회하실거에요!,보몽드,POINT (126.5995245 33.2422082),4.5
749,제주특별자치도 서귀포시 대청로 29 1층 (강정동),제주도에서 으뜸가는 식당입니다! 안 오면 후회하실거에요!,커피에반하다제주강정점,POINT (126.560075 33.242165),4.5
750,제주특별자치도 서귀포시 보목포로 161 2층 (하효동),제주도에서 으뜸가는 식당입니다! 안 오면 후회하실거에요!,열린까페,POINT (126.6100897 33.2421595),4.5
751,제주특별자치도 서귀포시 태평로92번길 30 (호근동),제주도에서 으뜸가는 식당입니다! 안 오면 후회하실거에요!,올레돔베낭길휴게소,POINT (126.5315523 33.2421049),4.5
752,제주특별자치도 서귀포시 천지연로41번길 7 1층 (서귀동),제주도에서 으뜸가는 식당입니다! 안 오면 후회하실거에요!,올라,POINT (126.5616902 33.2419198),4.5
753,제주특별자치도 서귀포시 서홍로 60 (서홍동),제주도에서 으뜸가는 식당입니다! 안 오면 후회하실거에요!,솜반내 풍경,POINT (126.5576506 33.241909),4.5
754,제주특별자치도 서귀포시 태평로120번길 29-2 (호근동),제주도에서 으뜸가는 식당입니다! 안 오면 후회하실거에요!,60빈스,POINT (126.5367032 33.2415408),4.5
755,제주특별자치도 서귀포시 태평로92번길 34 (호근동),제주도에서 으뜸가는 식당입니다! 안 오면 후회하실거에요!,그녀의커피잔,POINT (126.5310828 33.2414331),4.5
756,제주특별자치도 서귀포시 천지연로29번길 8 1층 (서귀동),제주도에서 으뜸가는 식당입니다! 안 오면 후회하실거에요!,세븐일레븐솔동산점,POINT (126.5630768 33.2413732),4.5
757,제주특별자치도 서귀포시 중문관광로 224 (중문동),제주도에서 으뜸가는 식당입니다! 안 오면 후회하실거에요!,던킨도너츠제주컨벤션점,POINT (126.4245153 33.2413649),4.5
758,제주특별자치도 서귀포시 중문관광로 224 (중문동),제주도에서 으뜸가는 식당입니다! 안 오면 후회하실거에요!,전복나라,POINT (126.4245153 33.2413649),4.5
759,제주특별자치도 서귀포시 중문관광로 224 (중문동),제주도에서 으뜸가는 식당입니다! 안 오면 후회하실거에요!,세븐일레븐ICC점,POINT (126.4245153 33.2413649),4.5
760,제주특별자치도 서귀포시 중문관광로 224 (중문동),제주도에서 으뜸가는 식당입니다! 안 오면 후회하실거에요!,델리지아 미니,POINT (126.4245153 33.2413649),4.5
761,제주특별자치도 서귀포시 부두로 44 (서귀동),제주도에서 으뜸가는 식당입니다! 안 오면 후회하실거에요!,J커피숍,POINT (126.5644681 33.241328),4.5
762,제주특별자치도 서귀포시 성산읍 한도로 257 1층,제주도에서 으뜸가는 식당입니다! 안 오면 후회하실거에요!,스트린런치푸드트럭,POINT (126.424492 33.2412366),4.5
763,제주특별자치도 서귀포시 보목로64번길 22 1층 (보목동),제주도에서 으뜸가는 식당입니다! 안 오면 후회하실거에요!,제주아우룸,POINT (126.5938804 33.2410807),4.5
764,제주특별자치도 서귀포시 법환상로 65 (법환동),제주도에서 으뜸가는 식당입니다! 안 오면 후회하실거에요!,아이비테라스,POINT (126.5123075 33.2410003),4.5
765,제주특별자치도 서귀포시 안덕면 화순해안로 66-14,제주도에서 으뜸가는 식당입니다! 안 오면 후회하실거에요!,조이풀,POINT (126.3327752 33.2409117),4.5
766,제주특별자치도 서귀포시 안덕면 화순중앙로 132 2층,제주도에서 으뜸가는 식당입니다! 안 오면 후회하실거에요!,카페수애기,POINT (126.3347888 33.2408107),4.5
767,제주특별자치도 서귀포시 보목포로 179 1 2층 (하효동),제주도에서 으뜸가는 식당입니다! 안 오면 후회하실거에요!,게우지코지인갤러리,POINT (126.6108183 33.2407909),4.5
768,제주특별자치도 서귀포시 이어도로 916 (법환동),제주도에서 으뜸가는 식당입니다! 안 오면 후회하실거에요!,씨유서귀법환점,POINT (126.493008 33.240469),4.5
769,제주특별자치도 서귀포시 이어도로 986-1 (법환동),제주도에서 으뜸가는 식당입니다! 안 오면 후회하실거에요!,모루티,POINT (126.493008 33.240469),4.5
770,제주특별자치도 서귀포시 이어도로 793 1층 (강정동),제주도에서 으뜸가는 식당입니다! 안 오면 후회하실거에요!,씨유서귀강정이어도로점,POINT (126.493008 33.240469),4.5
771,제주특별자치도 서귀포시 이어도로 752 1층 (강정동),제주도에서 으뜸가는 식당입니다! 안 오면 후회하실거에요!,지에스25강정점,POINT (126.493008 33.240469),4.5
772,제주특별자치도 서귀포시 대포로 113 (대포동),제주도에서 으뜸가는 식당입니다! 안 오면 후회하실거에요!,조안베어뮤지엄,POINT (126.4342037 33.2402854),4.5
773,제주특별자치도 서귀포시 대정읍 일주서로 2817,제주도에서 으뜸가는 식당입니다! 안 오면 후회하실거에요!,씨유서귀일과수로점,POINT (126.2507128 33.2402708),4.5
774,제주특별자치도 서귀포시 대정읍 일주서로 2641 1층,제주도에서 으뜸가는 식당입니다! 안 오면 후회하실거에요!,파파이스제주모슬포점,POINT (126.2507128 33.2402708),4.5
775,제주특별자치도 서귀포시 대정읍 일주서로 2641,제주도에서 으뜸가는 식당입니다! 안 오면 후회하실거에요!,우리들마트,POINT (126.2507128 33.2402708),4.5
776,제주특별자치도 서귀포시 대정읍 일주서로 2535,제주도에서 으뜸가는 식당입니다! 안 오면 후회하실거에요!,밀로드,POINT (126.2507128 33.2402708),4.5
777,제주특별자치도 서귀포시 부두로 55 (서귀동),제주도에서 으뜸가는 식당입니다! 안 오면 후회하실거에요!,산호다방,POINT (126.5645288 33.2400439),4.5
778,제주특별자치도 서귀포시 칠십리로 61 (서귀동),제주도에서 으뜸가는 식당입니다! 안 오면 후회하실거에요!,씨유서귀포부두점,POINT (126.5628083 33.2400105),4.5
779,제주특별자치도 서귀포시 신서로 66 지하1층 (강정동),제주도에서 으뜸가는 식당입니다! 안 오면 후회하실거에요!,분식카페,POINT (126.5126255 33.2399513),4.5
780,제주특별자치도 서귀포시 칠십리로 78 2층 (서귀동),제주도에서 으뜸가는 식당입니다! 안 오면 후회하실거에요!,지에스25서귀포부두점,POINT (126.5644152 33.2397054),4.5
781,제주특별자치도 서귀포시 보목포로 48 (보목동),제주도에서 으뜸가는 식당입니다! 안 오면 후회하실거에요!,보목어촌계식당,POINT (126.6068963 33.2392661),4.5
782,제주특별자치도 서귀포시 남성중로 40 (서홍동),제주도에서 으뜸가는 식당입니다! 안 오면 후회하실거에요!,서귀동어촌계해녀의집,POINT (126.5586562 33.2392231),4.5
783,제주특별자치도 서귀포시 남성중로 40 (서홍동),제주도에서 으뜸가는 식당입니다! 안 오면 후회하실거에요!,대국해저관광(주) 에프엔비사업부,POINT (126.5586562 33.2392231),4.5
784,제주특별자치도 서귀포시 이어도로 129 (대포동),제주도에서 으뜸가는 식당입니다! 안 오면 후회하실거에요!,GS25 서귀대포점,POINT (126.4362409 33.2391543),4.5
785,제주특별자치도 서귀포시 법환로 14 (법환동),제주도에서 으뜸가는 식당입니다! 안 오면 후회하실거에요!,원테이블,POINT (126.5096143 33.239117),4.5
786,제주특별자치도 서귀포시 서호남로 92-16 상가동 1층 103 104호 (서호동),제주도에서 으뜸가는 식당입니다! 안 오면 후회하실거에요!,지에스25신서귀엘에이치점,POINT (126.2994501 33.2389206),4.5
787,제주특별자치도 서귀포시 대정읍 일과대수로11번길 16-8,제주도에서 으뜸가는 식당입니다! 안 오면 후회하실거에요!,북마크하우스,POINT (126.2315851 33.2387359),4.5
788,제주특별자치도 서귀포시 안덕면 산방로 244 2층,제주도에서 으뜸가는 식당입니다! 안 오면 후회하실거에요!,짠내단내셀프카페,POINT (126.3146142 33.2386241),4.5
789,제주특별자치도 서귀포시 보목로70번길 8 (보목동),제주도에서 으뜸가는 식당입니다! 안 오면 후회하실거에요!,앞바당,POINT (126.6026817 33.2385976),4.5
790,제주특별자치도 서귀포시 이어도로 931 1층 (법환동),제주도에서 으뜸가는 식당입니다! 안 오면 후회하실거에요!,미몽,POINT (126.5138691 33.2383561),4.5
791,제주특별자치도 서귀포시 이어도로 917-1 (법환동),제주도에서 으뜸가는 식당입니다! 안 오면 후회하실거에요!,리멤버(Remember),POINT (126.5126494 33.2375851),4.5
792,제주특별자치도 서귀포시 말질로 428 (강정동),제주도에서 으뜸가는 식당입니다! 안 오면 후회하실거에요!,제주카페 스르륵,POINT (126.4742042 33.2372991),4.5
793,제주특별자치도 서귀포시 논짓물로 13 (하예동),제주도에서 으뜸가는 식당입니다! 안 오면 후회하실거에요!,댕규리네감귤해수족욕카페,POINT (126.3880769 33.2371582),4.5
794,제주특별자치도 서귀포시 논짓물로 15-10 (하예동),제주도에서 으뜸가는 식당입니다! 안 오면 후회하실거에요!,용우동논짓물점,POINT (126.3873187 33.2370816),4.5
795,제주특별자치도 서귀포시 보목로64번길 79 (보목동),제주도에서 으뜸가는 식당입니다! 안 오면 후회하실거에요!,섶섬지기,POINT (126.5958116 33.2370137),4.5
796,제주특별자치도 서귀포시 안덕면 사계로 68,제주도에서 으뜸가는 식당입니다! 안 오면 후회하실거에요!,바람불어좋은날,POINT (126.297902 33.236924),4.5
797,제주특별자치도 서귀포시 이어도로 900 1층 (법환동),제주도에서 으뜸가는 식당입니다! 안 오면 후회하실거에요!,GS25서귀법환점,POINT (126.5109673 33.23663),4.5
798,제주특별자치도 서귀포시 안덕면 산방로 212,제주도에서 으뜸가는 식당입니다! 안 오면 후회하실거에요!,써니하우스,POINT (126.3126866 33.2364305),4.5
799,제주특별자치도 서귀포시 안덕면 산방로 208,제주도에서 으뜸가는 식당입니다! 안 오면 후회하실거에요!,레이지,POINT (126.3129475 33.2364205),4.5
800,제주특별자치도 서귀포시 안덕면 대평로 27,제주도에서 으뜸가는 식당입니다! 안 오면 후회하실거에요!,브런치피자,POINT (126.364322 33.2363359),4.5
801,제주특별자치도 서귀포시 이어도로 579 (강정동),제주도에서 으뜸가는 식당입니다! 안 오면 후회하실거에요!,씨유강정마을점,POINT (126.4786868 33.2361844),4.5
802,제주특별자치도 서귀포시 막숙포로 152 (법환동),제주도에서 으뜸가는 식당입니다! 안 오면 후회하실거에요!,소담,POINT (126.513206 33.2359288),4.5
803,제주특별자치도 서귀포시 이어도로 852 1층 (강정동),제주도에서 으뜸가는 식당입니다! 안 오면 후회하실거에요!,다가온,POINT (126.5062702 33.23581),4.5
804,제주특별자치도 서귀포시 안덕면 사계남로216번길 24-73,제주도에서 으뜸가는 식당입니다! 안 오면 후회하실거에요!,풀하우스,POINT (126.3125597 33.2356687),4.5
805,제주특별자치도 서귀포시 안덕면 사계남로216번길 24-62,제주도에서 으뜸가는 식당입니다! 안 오면 후회하실거에요!,치치퐁,POINT (126.3134471 33.2352678),4.5
806,제주특별자치도 서귀포시 안덕면 사계남로216번길 24-68,제주도에서 으뜸가는 식당입니다! 안 오면 후회하실거에요!,Kim여사의 밥상,POINT (126.3129553 33.2352359),4.5
807,제주특별자치도 서귀포시 안덕면 사계남로216번길 24-68 1층,제주도에서 으뜸가는 식당입니다! 안 오면 후회하실거에요!,몽마르카부덴,POINT (126.3129553 33.2352359),4.5
808,제주특별자치도 서귀포시 이어도로 842-27 (강정동),제주도에서 으뜸가는 식당입니다! 안 오면 후회하실거에요!,나쿠펜다,POINT (126.5045321 33.2351833),4.5
809,제주특별자치도 서귀포시 안덕면 사계남로216번길 24-61 2층,제주도에서 으뜸가는 식당입니다! 안 오면 후회하실거에요!,스위트브라운,POINT (126.3136705 33.2350833),4.5
810,제주특별자치도 서귀포시 안덕면 난드르로 26,제주도에서 으뜸가는 식당입니다! 안 오면 후회하실거에요!,맨날맨날모드락,POINT (126.3657417 33.2349355),4.5
811,제주특별자치도 서귀포시 안덕면 난드르로 4,제주도에서 으뜸가는 식당입니다! 안 오면 후회하실거에요!,가온해,POINT (126.3664832 33.2344079),4.5
812,제주특별자치도 서귀포시 최영로 10 (법환동),제주도에서 으뜸가는 식당입니다! 안 오면 후회하실거에요!,좀녀숨비소리,POINT (126.5136523 33.2341791),4.5
813,제주특별자치도 서귀포시 안덕면 사계남로216번길 24-27,제주도에서 으뜸가는 식당입니다! 안 오면 후회하실거에요!,용머리농수산,POINT (126.3136258 33.2339513),4.5
814,제주특별자치도 서귀포시 이어도로 638 1층 (강정동),제주도에서 으뜸가는 식당입니다! 안 오면 후회하실거에요!,씨유서귀강정천점,POINT (126.484374 33.233888),4.5
815,제주특별자치도 서귀포시 안덕면 사계남로216번길 28,제주도에서 으뜸가는 식당입니다! 안 오면 후회하실거에요!,용머리휴게음식점,POINT (126.3109307 33.2337921),4.5
816,제주특별자치도 서귀포시 안덕면 사계남로216번길 24-9,제주도에서 으뜸가는 식당입니다! 안 오면 후회하실거에요!,효재마트,POINT (126.3116142 33.2337896),4.5
817,제주특별자치도 서귀포시 안덕면 사계남로216번길 24-9,제주도에서 으뜸가는 식당입니다! 안 오면 후회하실거에요!,산방산캐릭터아이스크림,POINT (126.3116142 33.2337896),4.5
818,제주특별자치도 서귀포시 안덕면 사계남로216번길 24-9,제주도에서 으뜸가는 식당입니다! 안 오면 후회하실거에요!,산방산용머리휴게소,POINT (126.3116142 33.2337896),4.5
819,제주특별자치도 서귀포시 성산읍 한도로 257 1층,제주도에서 으뜸가는 식당입니다! 안 오면 후회하실거에요!,카페 아라,POINT (126.3676904 33.2336998),4.5
820,제주특별자치도 서귀포시 안덕면 사계남로216번길 24-32,제주도에서 으뜸가는 식당입니다! 안 오면 후회하실거에요!,네덜란드버거,POINT (126.3140629 33.2328609),4.5
821,제주특별자치도 서귀포시 안덕면 사계남로216번길 24-49,제주도에서 으뜸가는 식당입니다! 안 오면 후회하실거에요!,용머리올레휴게소,POINT (126.3140629 33.2328609),4.5
822,제주특별자치도 서귀포시 이어도로 662 2층 (강정동),제주도에서 으뜸가는 식당입니다! 안 오면 후회하실거에요!,후레쉬맘,POINT (126.4882796 33.2324894),4.5
823,제주특별자치도 서귀포시 안덕면 사계남로21번길 30-5,제주도에서 으뜸가는 식당입니다! 안 오면 후회하실거에요!,세븐일레븐서귀포안덕사계점,POINT (126.2963537 33.2312411),4.5
824,제주특별자치도 서귀포시 안덕면 산방로 367-1 1층,제주도에서 으뜸가는 식당입니다! 안 오면 후회하실거에요!,유루유루,POINT (126.2976414 33.2311659),4.5
825,제주특별자치도 서귀포시 안덕면 사계남로 102 1층,제주도에서 으뜸가는 식당입니다! 안 오면 후회하실거에요!,향스토리,POINT (126.293107 33.2297757),4.5
826,제주특별자치도 서귀포시 안덕면 사계남로 165,제주도에서 으뜸가는 식당입니다! 안 오면 후회하실거에요!,지에스25사계포구점,POINT (126.3076006 33.228286),4.5
827,제주특별자치도 서귀포시 안덕면 형제해안로 30,제주도에서 으뜸가는 식당입니다! 안 오면 후회하실거에요!,씨앤블루,POINT (126.303557 33.2278135),4.5
828,제주특별자치도 서귀포시 안덕면 형제해안로 32,제주도에서 으뜸가는 식당입니다! 안 오면 후회하실거에요!,스테이위드커피,POINT (126.3033549 33.2277774),4.5
829,제주특별자치도 서귀포시 대정읍 하모중앙로 5,제주도에서 으뜸가는 식당입니다! 안 오면 후회하실거에요!,세븐일레븐대정주공점,POINT (126.2530064 33.227689),4.5
830,제주특별자치도 서귀포시 대정읍 하모중앙로 6,제주도에서 으뜸가는 식당입니다! 안 오면 후회하실거에요!,수다,POINT (126.2517033 33.2276743),4.5
831,제주특별자치도 서귀포시 대정읍 동일하모로149번길 5 1층 3호,제주도에서 으뜸가는 식당입니다! 안 오면 후회하실거에요!,씨유서귀송악도서관점,POINT (126.2485777 33.227297),4.5
832,제주특별자치도 서귀포시 말질로 296 (강정동),제주도에서 으뜸가는 식당입니다! 안 오면 후회하실거에요!,미소쉼터,POINT (126.47456 33.2272567),4.5
833,제주특별자치도 서귀포시 중문로 80 (중문동),제주도에서 으뜸가는 식당입니다! 안 오면 후회하실거에요!,GS25중문사거리점,POINT (126.2988233 33.226749),4.5
834,제주특별자치도 서귀포시 대정읍 동일하모로 206,제주도에서 으뜸가는 식당입니다! 안 오면 후회하실거에요!,초원다방,POINT (126.2530378 33.2256763),4.5
835,제주특별자치도 서귀포시 대정읍 하모중앙로 30,제주도에서 으뜸가는 식당입니다! 안 오면 후회하실거에요!,홈메이드김밥,POINT (126.2523708 33.2256651),4.5
836,제주특별자치도 서귀포시 대정읍 동일하모로 214,제주도에서 으뜸가는 식당입니다! 안 오면 후회하실거에요!,촐래,POINT (126.2541275 33.2253616),4.5
837,제주특별자치도 서귀포시 대정읍 동일하모로 158-3,제주도에서 으뜸가는 식당입니다! 안 오면 후회하실거에요!,제주킹마트모슬포점,POINT (126.2484874 33.2253598),4.5
838,제주특별자치도 서귀포시 대정읍 상모대서로 25,제주도에서 으뜸가는 식당입니다! 안 오면 후회하실거에요!,씨유모슬포점,POINT (126.2567608 33.2253156),4.5
839,제주특별자치도 서귀포시 대정읍 하모중앙로 44,제주도에서 으뜸가는 식당입니다! 안 오면 후회하실거에요!,아라다방,POINT (126.2523089 33.2242506),4.5
840,제주특별자치도 서귀포시 대정읍 하모중앙로 47 2층,제주도에서 으뜸가는 식당입니다! 안 오면 후회하실거에요!,청자다방,POINT (126.2526215 33.2240107),4.5
841,제주특별자치도 서귀포시 대정읍 상모대서로 3,제주도에서 으뜸가는 식당입니다! 안 오면 후회하실거에요!,러브하우스,POINT (126.2553477 33.2239822),4.5
842,제주특별자치도 서귀포시 대정읍 하모이삼로 59,제주도에서 으뜸가는 식당입니다! 안 오면 후회하실거에요!,흔한남자의커피이야기,POINT (126.2540091 33.223711),4.5
843,제주특별자치도 서귀포시 대정읍 하모중앙로 51,제주도에서 으뜸가는 식당입니다! 안 오면 후회하실거에요!,신장미다방,POINT (126.2525194 33.2236432),4.5
844,제주특별자치도 서귀포시 대정읍 하모이삼로 51,제주도에서 으뜸가는 식당입니다! 안 오면 후회하실거에요!,카페달콩,POINT (126.2533082 33.2235695),4.5
845,제주특별자치도 서귀포시 대정읍 상모로290번길 29 1층,제주도에서 으뜸가는 식당입니다! 안 오면 후회하실거에요!,철수와영희,POINT (126.2553356 33.2235664),4.5
846,제주특별자치도 서귀포시 대정읍 하모중앙로 54 1층,제주도에서 으뜸가는 식당입니다! 안 오면 후회하실거에요!,씨유서귀대정태화점,POINT (126.2521829 33.2233599),4.5
847,제주특별자치도 서귀포시 성산읍 한도로 257 1층,제주도에서 으뜸가는 식당입니다! 안 오면 후회하실거에요!,지에스25대정상모점,POINT (126.2584808 33.22334),4.5
848,제주특별자치도 서귀포시 대정읍 상모로290번길 2,제주도에서 으뜸가는 식당입니다! 안 오면 후회하실거에요!,수지다방,POINT (126.2583373 33.2232785),4.5
849,제주특별자치도 서귀포시 대정읍 신영로 130 1층,제주도에서 으뜸가는 식당입니다! 안 오면 후회하실거에요!,도나도넛제주본점,POINT (126.2551317 33.2232489),4.5
850,제주특별자치도 서귀포시 대정읍 상모로 294,제주도에서 으뜸가는 식당입니다! 안 오면 후회하실거에요!,진다방,POINT (126.257842 33.2232103),4.5
851,제주특별자치도 서귀포시 대정읍 상모로 289,제주도에서 으뜸가는 식당입니다! 안 오면 후회하실거에요!,더달,POINT (126.2582595 33.222978),4.5
852,제주특별자치도 서귀포시 대정읍 신영로 124-1 1층,제주도에서 으뜸가는 식당입니다! 안 오면 후회하실거에요!,친구네분식,POINT (126.2549566 33.2228813),4.5
853,제주특별자치도 서귀포시 대정읍 신영로 73 2층,제주도에서 으뜸가는 식당입니다! 안 오면 후회하실거에요!,제주설심당모슬포점,POINT (126.2515947 33.2225934),4.5
854,제주특별자치도 서귀포시 대정읍 신영로 117,제주도에서 으뜸가는 식당입니다! 안 오면 후회하실거에요!,제주흑돈만두대정점,POINT (126.2543347 33.222384),4.5
855,제주특별자치도 서귀포시 대정읍 상모로 323-1 2층,제주도에서 으뜸가는 식당입니다! 안 오면 후회하실거에요!,현다방,POINT (126.2549772 33.2220044),4.5
856,제주특별자치도 서귀포시 대정읍 영서중로 21-3,제주도에서 으뜸가는 식당입니다! 안 오면 후회하실거에요!,서울다방,POINT (126.2559935 33.2216553),4.5
857,제주특별자치도 서귀포시 대정읍 하모상가로 21,제주도에서 으뜸가는 식당입니다! 안 오면 후회하실거에요!,은성,POINT (126.2511458 33.2216269),4.5
858,제주특별자치도 서귀포시 대정읍 하모상가로 31,제주도에서 으뜸가는 식당입니다! 안 오면 후회하실거에요!,중앙다방,POINT (126.2523872 33.2216083),4.5
859,제주특별자치도 서귀포시 대정읍 하모상가로 42-1,제주도에서 으뜸가는 식당입니다! 안 오면 후회하실거에요!,바리스타손설웅,POINT (126.2534941 33.2215013),4.5
860,제주특별자치도 서귀포시 대정읍 하모상가로 40,제주도에서 으뜸가는 식당입니다! 안 오면 후회하실거에요!,양지다방,POINT (126.2531635 33.2214038),4.5
861,제주특별자치도 서귀포시 대정읍 하모상가로 18-1,제주도에서 으뜸가는 식당입니다! 안 오면 후회하실거에요!,기원다방,POINT (126.2509025 33.2213981),4.5
862,제주특별자치도 서귀포시 대정읍 하모중앙로 75,제주도에서 으뜸가는 식당입니다! 안 오면 후회하실거에요!,GS25제주대정점,POINT (126.2523642 33.2213619),4.5
863,제주특별자치도 서귀포시 대정읍 하모중앙로 77 2층,제주도에서 으뜸가는 식당입니다! 안 오면 후회하실거에요!,금화다방,POINT (126.2522409 33.2212493),4.5
864,제주특별자치도 서귀포시 대정읍 하모중앙로 79,제주도에서 으뜸가는 식당입니다! 안 오면 후회하실거에요!,제일다방,POINT (126.2522972 33.2211157),4.5
865,제주특별자치도 서귀포시 대정읍 신영로 98,제주도에서 으뜸가는 식당입니다! 안 오면 후회하실거에요!,이반다방,POINT (126.253394 33.2207101),4.5
866,제주특별자치도 서귀포시 대정읍 신영로 60-7,제주도에서 으뜸가는 식당입니다! 안 오면 후회하실거에요!,나비정원,POINT (126.2494072 33.2203773),4.5
867,제주특별자치도 서귀포시 대정읍 최남단해안로 2,제주도에서 으뜸가는 식당입니다! 안 오면 후회하실거에요!,씨유제주대정하모리점,POINT (126.2518778 33.2202515),4.5
868,제주특별자치도 서귀포시 대정읍 하모항구로 78,제주도에서 으뜸가는 식당입니다! 안 오면 후회하실거에요!,수궁다방,POINT (126.2518422 33.2202096),4.5
869,제주특별자치도 서귀포시 대정읍 신영로36번길 45 지하1층,제주도에서 으뜸가는 식당입니다! 안 오면 후회하실거에요!,오케이다방,POINT (126.2479359 33.2195019),4.5
870,제주특별자치도 서귀포시 대정읍 최남단해안로30번길 15 1층,제주도에서 으뜸가는 식당입니다! 안 오면 후회하실거에요!,모슬포3호텔커피숍,POINT (126.2521152 33.2178071),4.5
871,제주특별자치도 서귀포시 대정읍 최남단해안로 578 1 2층,제주도에서 으뜸가는 식당입니다! 안 오면 후회하실거에요!,이디야커피송악산점,POINT (126.2575666 33.2159151),4.5
872,제주특별자치도 서귀포시 대정읍 최남단해안로125번길 35 1층,제주도에서 으뜸가는 식당입니다! 안 오면 후회하실거에요!,지에스25서귀운진항점,POINT (126.2573973 33.2139586),4.5
873,제주특별자치도 서귀포시 대정읍 송악관광로177번길 253,제주도에서 으뜸가는 식당입니다! 안 오면 후회하실거에요!,오젠,POINT (126.2929992 33.2135659),4.5
874,제주특별자치도 서귀포시 대정읍 형제해안로 260,제주도에서 으뜸가는 식당입니다! 안 오면 후회하실거에요!,송악정,POINT (126.291623 33.2118052),4.5
875,제주특별자치도 서귀포시 대정읍 최남단해안로125번길 3 1층,제주도에서 으뜸가는 식당입니다! 안 오면 후회하실거에요!,씨유서귀최남단해안로점,POINT (126.2571631 33.2116302),4.5
876,제주특별자치도 서귀포시 대정읍 형제해안로 296 2층,제주도에서 으뜸가는 식당입니다! 안 오면 후회하실거에요!,모아카페,POINT (126.2914269 33.210157),4.5
877,제주특별자치도 서귀포시 대정읍 형제해안로 306,제주도에서 으뜸가는 식당입니다! 안 오면 후회하실거에요!,씨유 제주송악산점,POINT (126.291151 33.2077281),4.5
878,제주특별자치도 서귀포시 대정읍 형제해안로 316 1층,제주도에서 으뜸가는 식당입니다! 안 오면 후회하실거에요!,망고레이송악산점,POINT (126.2903538 33.2071934),4.5
879,제주특별자치도 서귀포시 대정읍 형제해안로 318,제주도에서 으뜸가는 식당입니다! 안 오면 후회하실거에요!,카페데이트,POINT (126.2903317 33.2069506),4.5
880,제주특별자치도 서귀포시 대정읍 형제해안로 322,제주도에서 으뜸가는 식당입니다! 안 오면 후회하실거에요!,던킨도너츠제주송악산점,POINT (126.290037 33.2067734),4.5
881,제주특별자치도 서귀포시 대정읍 형제해안로 322 (1 2층),제주도에서 으뜸가는 식당입니다! 안 오면 후회하실거에요!,스타벅스커피 제주송악산점,POINT (126.290037 33.2067734),4.5
882,제주특별자치도 서귀포시 대정읍 형제해안로 322-1,제주도에서 으뜸가는 식당입니다! 안 오면 후회하실거에요!,세븐일레븐서귀포송악산점,POINT (126.2897673 33.2067454),4.5
883,제주특별자치도 서귀포시 대정읍 형제해안로 322-1,제주도에서 으뜸가는 식당입니다! 안 오면 후회하실거에요!,미레편의점,POINT (126.2897673 33.2067454),4.5
884,제주특별자치도 서귀포시 대정읍 최남단해안로 412,제주도에서 으뜸가는 식당입니다! 안 오면 후회하실거에요!,설렁탕빠진전복,POINT (126.276136 33.199919),4.5
885,제주특별자치도 서귀포시 대정읍 가파로 233,제주도에서 으뜸가는 식당입니다! 안 오면 후회하실거에요!,황금보리,POINT (126.2731193 33.1710594),4.5
886,제주특별자치도 서귀포시 대정읍 마라로 73,제주도에서 으뜸가는 식당입니다! 안 오면 후회하실거에요!,노을예쁜집,POINT (126.266121 33.1174776),4.5
887,제주특별자치도 서귀포시 대정읍 마라로 85,제주도에서 으뜸가는 식당입니다! 안 오면 후회하실거에요!,철가방을든해녀투,POINT (126.2661685 33.1165839),4.5
888,제주특별자치도 서귀포시 대정읍 마라로 113,제주도에서 으뜸가는 식당입니다! 안 오면 후회하실거에요!,마라버거,POINT (126.2674817 33.1142012),4.5